block_id,site_id,site_name,lat,lon,depth_m,ore_grade_pct,rock_hardness_mohs,drill_hole_density,ndvi_anomaly,soil_moisture_pct,surface_temp_c,spectral_band_ratio,gravity_anomaly_mgal,magnetic_susceptibility,confidence_pct,estimated_reserve_tonnes
BAL-BLK-001,balaghat,Balaghat Mine,21.82467,80.17937,355.7,43.39,4.92,13.12,-0.0108,28.6,29.89,2.923,10.05,2.94,81.8,1770661
DON-BLK-001,dongri_buzurg,Dongri Buzurg Mine,21.47747,79.6227,113.4,39.63,4.88,8.82,-0.3472,32.79,30.98,2.659,5.84,2.85,73.3,775758
GUM-BLK-001,gumgaon,Gumgaon Mine,21.34566,79.01783,132.4,38.12,4.76,15.32,-0.2409,35.11,31.94,2.132,12.06,2.03,88.0,686108
MAN-BLK-001,mansar,Mansar Mine,21.32271,79.20407,234.5,39.05,6.59,14.58,-0.1537,23.31,30.65,1.955,7.76,2.95,66.3,807658
UKW-BLK-001,ukwa,Ukwa Mine,21.98044,80.39618,125.4,45.43,6.47,15.11,-0.3133,22.14,33.49,3.145,10.71,3.28,68.6,690127
BAL-BLK-002,balaghat,Balaghat Mine,21.75695,80.2174,392.9,50.3,5.77,13.27,-0.3192,26.17,38.92,2.755,18.55,0.8,77.3,2480499
DON-BLK-002,dongri_buzurg,Dongri Buzurg Mine,21.55748,79.67974,77.7,43.73,5.17,12.07,-0.025,20.89,28.36,2.457,14.3,3.89,77.6,837380
GUM-BLK-002,gumgaon,Gumgaon Mine,21.41223,79.00668,273.4,42.51,6.92,9.54,-0.2344,21.65,25.41,2.8,11.91,3.51,77.0,869182
MAN-BLK-002,mansar,Mansar Mine,21.34449,79.24037,81.6,39.77,5.37,11.42,0.0477,25.05,33.16,2.597,4.41,3.47,77.9,525888
UKW-BLK-002,ukwa,Ukwa Mine,22.06523,80.45901,126.1,44.64,5.82,16.0,-0.1176,28.75,27.91,3.327,7.67,4.2,60.0,753443
BAL-BLK-003,balaghat,Balaghat Mine,21.76518,80.16225,189.8,51.28,4.54,15.06,-0.4338,24.41,27.22,2.997,11.44,5.36,75.6,1806067
DON-BLK-003,dongri_buzurg,Dongri Buzurg Mine,21.54112,79.72424,138.1,37.75,6.0,6.37,-0.1444,25.56,35.52,2.047,5.5,4.13,64.9,714250
GUM-BLK-003,gumgaon,Gumgaon Mine,21.40172,79.01666,242.0,40.43,4.52,14.97,-0.1474,19.71,40.4,2.852,6.83,4.29,67.9,716986
MAN-BLK-003,mansar,Mansar Mine,21.43258,79.30354,176.9,36.2,6.79,14.88,0.0704,22.53,28.61,2.182,6.47,3.41,80.1,639000
UKW-BLK-003,ukwa,Ukwa Mine,21.97777,80.49979,243.1,51.46,5.83,12.33,-0.1737,18.86,27.18,3.003,13.59,4.36,78.6,981045
BAL-BLK-004,balaghat,Balaghat Mine,21.80189,80.15103,384.3,42.26,5.36,12.75,-0.343,25.04,33.73,2.266,11.5,3.57,64.3,1741231
DON-BLK-004,dongri_buzurg,Dongri Buzurg Mine,21.56831,79.71413,123.6,38.51,5.29,16.84,-0.1093,27.08,34.32,4.0,11.44,4.86,75.4,961477
GUM-BLK-004,gumgaon,Gumgaon Mine,21.41776,78.99019,191.4,41.93,4.75,10.3,-0.1817,37.89,23.6,2.968,6.09,2.93,60.0,748678
MAN-BLK-004,mansar,Mansar Mine,21.40367,79.21409,198.6,40.04,4.73,7.55,-0.1748,20.09,41.65,2.919,4.19,3.72,60.0,669940
UKW-BLK-004,ukwa,Ukwa Mine,22.0008,80.435,104.6,43.48,7.1,13.77,-0.097,16.8,30.49,2.466,9.51,5.62,79.3,617633
BAL-BLK-005,balaghat,Balaghat Mine,21.75436,80.22161,409.2,47.56,6.15,17.78,-0.4077,21.09,37.7,2.416,14.23,4.43,79.8,2221441
DON-BLK-005,dongri_buzurg,Dongri Buzurg Mine,21.55162,79.56205,60.8,38.33,5.67,17.71,-0.3416,21.36,32.59,3.26,5.36,4.9,91.0,696925
GUM-BLK-005,gumgaon,Gumgaon Mine,21.35244,79.02128,133.4,39.23,6.08,12.21,-0.1618,27.97,39.14,2.066,16.38,1.16,87.1,720090
MAN-BLK-005,mansar,Mansar Mine,21.42463,79.26844,72.8,36.76,5.36,9.94,-0.0586,26.14,28.88,2.995,10.04,4.48,68.3,599118
UKW-BLK-005,ukwa,Ukwa Mine,21.93354,80.44429,235.1,38.79,6.6,7.73,-0.1071,22.79,31.02,3.112,12.3,4.48,60.0,745297
BAL-BLK-006,balaghat,Balaghat Mine,21.80564,80.21218,273.4,45.63,4.53,13.13,-0.2294,24.58,34.68,2.34,18.5,2.29,69.2,1789046
DON-BLK-006,dongri_buzurg,Dongri Buzurg Mine,21.60032,79.72337,135.0,39.24,5.98,11.97,-0.0584,23.12,28.29,2.479,11.22,2.82,69.1,823700
GUM-BLK-006,gumgaon,Gumgaon Mine,21.40145,79.0126,133.8,38.38,6.72,10.35,-0.1424,15.31,25.67,2.288,9.04,3.87,60.0,659620
MAN-BLK-006,mansar,Mansar Mine,21.43541,79.2508,80.0,37.65,5.77,11.98,-0.1272,19.04,34.34,3.292,9.1,3.98,70.1,643666
UKW-BLK-006,ukwa,Ukwa Mine,21.95065,80.47566,113.3,43.84,6.0,12.09,-0.1433,32.71,36.32,3.653,9.29,4.55,80.5,666871
BAL-BLK-007,balaghat,Balaghat Mine,21.89239,80.15257,246.6,46.06,5.45,7.26,-0.3074,24.9,33.54,3.558,15.22,2.81,62.3,1733687
DON-BLK-007,dongri_buzurg,Dongri Buzurg Mine,21.57368,79.63889,151.9,46.33,6.84,16.13,-0.2743,13.72,38.09,2.666,16.18,1.59,85.0,1186473
GUM-BLK-007,gumgaon,Gumgaon Mine,21.39191,79.00468,266.1,38.92,4.85,6.4,-0.1591,27.09,35.2,2.113,5.27,5.03,64.1,655974
MAN-BLK-007,mansar,Mansar Mine,21.37116,79.31925,153.6,38.82,6.8,19.21,0.0377,22.51,36.37,2.908,13.94,2.34,87.0,841377
UKW-BLK-007,ukwa,Ukwa Mine,22.00904,80.39635,170.6,46.28,5.44,11.52,-0.0374,24.44,39.33,2.096,7.34,3.43,73.9,657403
BAL-BLK-008,balaghat,Balaghat Mine,21.80349,80.1022,332.0,46.25,5.15,13.28,-0.3303,20.92,27.23,2.688,15.3,2.32,81.1,2013842
DON-BLK-008,dongri_buzurg,Dongri Buzurg Mine,21.53279,79.65999,61.2,37.18,5.48,11.33,0.0727,24.21,28.85,2.692,8.93,3.23,70.3,648301
GUM-BLK-008,gumgaon,Gumgaon Mine,21.422,78.98158,190.4,38.19,5.81,6.7,-0.0051,33.87,30.88,2.869,10.55,7.19,60.0,703479
MAN-BLK-008,mansar,Mansar Mine,21.39598,79.21898,155.9,36.23,5.52,8.83,-0.235,17.51,39.59,2.98,8.91,5.28,76.5,674677
UKW-BLK-008,ukwa,Ukwa Mine,21.93225,80.52762,177.7,45.31,4.84,8.94,-0.3778,29.56,40.59,2.075,13.8,2.72,72.4,744164
BAL-BLK-009,balaghat,Balaghat Mine,21.7811,80.15034,221.6,39.49,7.15,14.4,-0.2056,18.55,29.4,2.966,11.58,2.33,88.2,1355741
DON-BLK-009,dongri_buzurg,Dongri Buzurg Mine,21.58406,79.62492,132.3,42.72,5.01,9.33,-0.4129,14.23,32.22,2.786,8.49,4.27,60.0,873285
GUM-BLK-009,gumgaon,Gumgaon Mine,21.38906,78.95436,221.2,39.38,4.86,10.57,-0.0555,20.54,35.76,2.117,11.62,5.23,60.0,621385
MAN-BLK-009,mansar,Mansar Mine,21.36922,79.28028,209.5,37.93,7.11,13.3,-0.2401,24.52,31.3,3.131,10.29,3.91,78.9,794128
UKW-BLK-009,ukwa,Ukwa Mine,21.9472,80.4494,129.6,45.32,5.91,15.62,-0.1074,22.04,37.41,2.521,6.0,2.29,60.0,540318
BAL-BLK-010,balaghat,Balaghat Mine,21.79074,80.18564,235.7,51.19,6.93,14.9,-0.45,25.41,35.47,2.117,17.6,3.91,87.6,2031408
DON-BLK-010,dongri_buzurg,Dongri Buzurg Mine,21.57931,79.78253,147.3,39.84,5.34,13.41,-0.0794,18.86,32.32,2.416,11.63,3.9,67.7,949862
GUM-BLK-010,gumgaon,Gumgaon Mine,21.3713,78.99201,271.5,37.06,4.9,14.65,-0.273,29.22,38.1,2.78,14.85,2.57,68.4,799260
MAN-BLK-010,mansar,Mansar Mine,21.32995,79.31704,143.2,39.01,6.15,21.25,-0.1609,28.35,34.16,2.721,7.53,4.07,61.6,810110
UKW-BLK-010,ukwa,Ukwa Mine,22.02052,80.53043,268.2,42.37,7.0,8.54,-0.2093,24.33,36.92,1.903,15.67,3.31,74.4,773490
BAL-BLK-011,balaghat,Balaghat Mine,21.76432,80.11871,309.0,45.86,5.44,14.2,-0.2554,34.01,30.83,2.035,11.56,3.17,60.0,1720633
DON-BLK-011,dongri_buzurg,Dongri Buzurg Mine,21.55183,79.68246,109.7,43.15,6.21,11.06,-0.3317,39.44,32.27,2.682,11.28,3.74,81.0,927916
GUM-BLK-011,gumgaon,Gumgaon Mine,21.36875,78.98093,126.9,47.0,4.68,8.13,-0.2526,33.02,20.07,3.218,16.44,1.01,75.9,854288
MAN-BLK-011,mansar,Mansar Mine,21.38624,79.2009,175.9,36.32,5.6,15.27,-0.0053,28.33,26.92,2.348,10.43,2.03,76.6,724490
UKW-BLK-011,ukwa,Ukwa Mine,21.95709,80.45171,230.0,44.46,5.57,12.88,-0.3365,27.7,34.67,2.553,12.79,2.0,69.9,859752
BAL-BLK-012,balaghat,Balaghat Mine,21.7974,80.16399,242.3,49.44,5.53,6.55,-0.1639,16.32,39.9,1.822,18.64,3.75,79.8,1883105
DON-BLK-012,dongri_buzurg,Dongri Buzurg Mine,21.5322,79.70767,144.2,43.92,6.66,11.89,-0.2472,23.66,33.39,1.916,7.58,4.39,79.0,944518
GUM-BLK-012,gumgaon,Gumgaon Mine,21.38434,79.00354,152.6,40.77,5.24,12.69,-0.302,26.45,24.34,3.107,11.94,3.81,67.7,808956
MAN-BLK-012,mansar,Mansar Mine,21.46772,79.29777,91.6,38.06,5.53,14.82,-0.2433,24.16,34.33,2.281,10.13,2.59,77.6,619960
UKW-BLK-012,ukwa,Ukwa Mine,21.91043,80.42977,229.4,40.02,5.3,8.68,0.1358,26.96,32.83,2.247,12.36,2.81,78.1,666710
BAL-BLK-013,balaghat,Balaghat Mine,21.9072,80.18106,260.2,45.51,4.7,12.85,-0.2173,34.62,29.18,3.522,14.3,2.83,76.9,1807769
DON-BLK-013,dongri_buzurg,Dongri Buzurg Mine,21.5929,79.71657,83.3,36.8,4.75,11.74,-0.0863,25.07,25.99,2.762,10.96,4.17,63.3,759569
GUM-BLK-013,gumgaon,Gumgaon Mine,21.42506,79.02117,167.4,35.53,7.17,11.8,-0.1016,25.25,33.22,1.999,5.44,4.76,79.8,528020
MAN-BLK-013,mansar,Mansar Mine,21.42836,79.25833,117.4,38.58,6.74,12.34,-0.227,21.39,30.61,2.714,8.32,5.01,66.0,626495
UKW-BLK-013,ukwa,Ukwa Mine,21.95923,80.44911,197.1,41.98,6.19,15.65,-0.1598,29.34,32.37,3.139,9.39,5.19,60.0,814834
BAL-BLK-014,balaghat,Balaghat Mine,21.79029,80.16708,281.1,50.57,6.49,10.53,-0.2772,15.93,27.87,2.322,11.65,3.46,78.6,2031496
DON-BLK-014,dongri_buzurg,Dongri Buzurg Mine,21.61602,79.65177,66.2,40.74,6.87,9.11,-0.1904,28.05,26.95,2.815,11.01,4.09,74.4,754271
GUM-BLK-014,gumgaon,Gumgaon Mine,21.48991,78.97729,161.9,38.31,5.0,9.77,-0.0272,32.52,29.43,2.236,11.07,2.84,68.8,662084
MAN-BLK-014,mansar,Mansar Mine,21.40922,79.19657,166.7,36.15,6.87,12.58,-0.2304,21.67,33.29,2.732,10.88,5.91,82.8,715127
UKW-BLK-014,ukwa,Ukwa Mine,21.93477,80.41153,230.2,41.75,5.84,10.19,-0.1637,23.9,37.35,3.794,9.27,2.91,60.0,781797
BAL-BLK-015,balaghat,Balaghat Mine,21.83208,80.25877,244.1,47.17,6.28,13.07,-0.1246,27.04,36.8,3.255,16.91,4.28,88.7,1835004
DON-BLK-015,dongri_buzurg,Dongri Buzurg Mine,21.55987,79.73996,59.3,38.91,6.71,12.1,-0.0201,25.15,32.21,2.007,12.11,4.27,60.0,757125
GUM-BLK-015,gumgaon,Gumgaon Mine,21.37939,79.01157,264.6,41.31,5.42,12.17,-0.1149,25.12,29.99,2.738,13.93,2.27,85.4,878157
MAN-BLK-015,mansar,Mansar Mine,21.3731,79.305,68.2,34.24,6.85,10.04,-0.1001,33.39,31.7,2.307,13.88,1.76,60.0,486943
UKW-BLK-015,ukwa,Ukwa Mine,21.9843,80.44662,224.9,46.94,5.24,16.59,-0.1436,23.4,40.31,2.244,8.1,2.67,90.4,768750
BAL-BLK-016,balaghat,Balaghat Mine,21.81453,80.17525,231.1,47.49,4.58,7.62,-0.0517,23.51,37.03,2.887,14.24,4.18,71.2,1740495
DON-BLK-016,dongri_buzurg,Dongri Buzurg Mine,21.57971,79.74487,55.7,44.7,5.8,13.72,-0.2894,34.81,31.82,2.052,12.28,2.68,72.7,836359
GUM-BLK-016,gumgaon,Gumgaon Mine,21.3656,78.98495,122.2,34.51,4.7,10.42,-0.4379,14.5,35.42,2.914,9.6,2.34,80.5,615233
MAN-BLK-016,mansar,Mansar Mine,21.40096,79.21087,171.3,39.97,4.53,18.24,-0.1548,11.75,30.89,2.326,7.23,3.16,60.0,817472
UKW-BLK-016,ukwa,Ukwa Mine,21.99233,80.44385,130.1,45.4,4.78,16.9,-0.1015,24.36,29.09,3.02,13.32,4.57,83.4,780128
BAL-BLK-017,balaghat,Balaghat Mine,21.84678,80.16349,199.2,46.82,6.71,15.33,0.0281,19.86,39.81,2.813,10.68,2.92,84.7,1565765
DON-BLK-017,dongri_buzurg,Dongri Buzurg Mine,21.57097,79.71261,119.0,39.59,5.85,18.05,-0.1252,24.23,32.54,2.904,7.04,3.19,60.0,767974
GUM-BLK-017,gumgaon,Gumgaon Mine,21.40767,79.02869,261.1,34.58,5.5,8.84,-0.1205,30.28,39.58,2.355,11.59,3.45,76.7,667669
MAN-BLK-017,mansar,Mansar Mine,21.43645,79.28329,224.2,34.09,5.07,17.17,0.0211,20.25,33.78,2.777,8.96,2.84,79.6,678317
UKW-BLK-017,ukwa,Ukwa Mine,21.96568,80.51361,144.5,43.36,5.89,15.72,-0.0623,13.56,30.37,2.174,7.54,4.89,80.0,591496
BAL-BLK-018,balaghat,Balaghat Mine,21.81866,80.18302,236.7,47.84,4.7,12.27,-0.381,29.98,29.78,2.037,11.71,5.3,69.4,1790226
DON-BLK-018,dongri_buzurg,Dongri Buzurg Mine,21.54005,79.67773,44.4,43.57,5.78,16.28,-0.1556,26.58,36.64,2.788,10.72,3.26,91.4,744149
GUM-BLK-018,gumgaon,Gumgaon Mine,21.39021,79.03191,127.5,39.95,4.83,14.56,-0.1894,24.47,23.01,3.045,11.27,4.7,60.0,596101
MAN-BLK-018,mansar,Mansar Mine,21.48463,79.25162,85.1,35.87,6.32,14.25,-0.2301,35.48,31.14,2.676,11.42,4.09,86.8,644979
UKW-BLK-018,ukwa,Ukwa Mine,21.9813,80.56284,256.4,43.64,6.04,15.87,-0.0594,27.83,26.86,3.417,8.08,3.86,74.9,746271
BAL-BLK-019,balaghat,Balaghat Mine,21.80223,80.19805,389.0,47.45,6.49,17.02,-0.254,29.78,37.35,2.18,14.65,4.34,91.4,2165765
DON-BLK-019,dongri_buzurg,Dongri Buzurg Mine,21.60903,79.6857,105.3,41.55,4.52,8.16,-0.3621,33.57,28.19,2.208,4.33,2.73,60.0,697984
GUM-BLK-019,gumgaon,Gumgaon Mine,21.45738,79.04319,237.7,33.5,6.83,9.61,-0.4409,37.75,25.75,1.806,11.04,6.43,60.0,715259
MAN-BLK-019,mansar,Mansar Mine,21.42366,79.28099,232.0,40.89,4.55,14.66,-0.1516,24.63,31.72,2.306,9.72,1.47,87.2,842636
UKW-BLK-019,ukwa,Ukwa Mine,21.92716,80.42256,244.5,38.45,6.15,13.39,-0.2894,29.64,27.58,2.512,11.36,2.34,86.1,718137
BAL-BLK-020,balaghat,Balaghat Mine,21.75144,80.16085,316.2,47.4,5.19,11.93,-0.1581,25.34,38.14,2.788,11.55,3.65,74.9,1961211
DON-BLK-020,dongri_buzurg,Dongri Buzurg Mine,21.55595,79.69332,67.4,42.6,5.61,7.46,-0.3449,19.84,28.77,3.071,10.27,5.0,63.2,762575
GUM-BLK-020,gumgaon,Gumgaon Mine,21.40286,78.96939,231.5,45.81,4.95,14.22,-0.1652,22.89,31.42,2.73,11.84,4.66,60.0,1007024
MAN-BLK-020,mansar,Mansar Mine,21.3788,79.20241,167.0,39.38,4.87,11.99,-0.2727,33.83,39.55,2.376,11.74,5.45,78.4,763448
UKW-BLK-020,ukwa,Ukwa Mine,21.95856,80.44343,140.8,40.96,5.46,12.12,-0.2781,25.4,25.0,2.795,13.09,1.11,79.8,710402
BAL-BLK-021,balaghat,Balaghat Mine,21.85391,80.13651,418.6,48.45,6.47,18.81,-0.3153,23.67,34.51,2.78,14.82,2.4,96.5,2364390
DON-BLK-021,dongri_buzurg,Dongri Buzurg Mine,21.49745,79.68725,130.7,38.67,5.44,15.82,-0.0989,17.45,30.58,3.161,10.21,6.28,83.8,893980
GUM-BLK-021,gumgaon,Gumgaon Mine,21.39938,78.99044,144.3,41.21,6.41,14.04,-0.2816,16.01,23.74,2.878,7.36,0.92,78.4,709073
MAN-BLK-021,mansar,Mansar Mine,21.50082,79.25696,238.6,40.85,6.8,12.29,-0.197,29.51,30.69,2.765,11.51,2.7,66.5,930825
UKW-BLK-021,ukwa,Ukwa Mine,21.9597,80.43647,131.2,40.9,7.13,16.6,-0.0551,26.85,31.89,3.013,14.73,4.17,96.5,715507
BAL-BLK-022,balaghat,Balaghat Mine,21.75233,80.1423,268.2,45.65,4.68,12.2,-0.1503,23.58,34.19,2.738,6.3,2.37,79.1,1636916
DON-BLK-022,dongri_buzurg,Dongri Buzurg Mine,21.50561,79.7157,114.4,38.49,4.67,13.46,-0.1966,32.94,32.67,2.462,7.88,3.14,77.8,762696
GUM-BLK-022,gumgaon,Gumgaon Mine,21.39852,79.00922,274.7,39.81,6.16,15.32,-0.357,8.68,36.2,2.016,9.51,2.1,60.0,735186
MAN-BLK-022,mansar,Mansar Mine,21.42276,79.28757,198.5,38.42,5.8,11.39,-0.236,26.35,25.34,2.695,9.65,4.2,80.8,773508
UKW-BLK-022,ukwa,Ukwa Mine,21.92778,80.51456,117.7,43.36,5.82,10.45,-0.3063,22.96,39.7,2.061,6.58,5.27,74.9,555653
BAL-BLK-023,balaghat,Balaghat Mine,21.77804,80.2265,345.2,42.02,6.77,10.58,0.0667,20.37,35.34,2.795,14.86,5.37,85.3,1713994
DON-BLK-023,dongri_buzurg,Dongri Buzurg Mine,21.52386,79.7101,101.5,39.3,6.34,10.72,-0.1537,15.92,27.63,3.164,8.04,2.24,70.0,799518
GUM-BLK-023,gumgaon,Gumgaon Mine,21.43913,79.03156,170.4,41.5,5.53,16.59,-0.2277,22.5,37.98,2.904,12.14,6.1,81.7,782191
MAN-BLK-023,mansar,Mansar Mine,21.43821,79.25948,164.8,39.25,6.52,13.88,-0.0468,21.81,28.22,2.153,4.09,5.97,61.2,585147
UKW-BLK-023,ukwa,Ukwa Mine,21.95785,80.45563,259.6,40.05,6.7,15.2,-0.2003,25.7,30.88,3.357,11.74,4.38,78.5,814901
BAL-BLK-024,balaghat,Balaghat Mine,21.85174,80.19214,416.3,42.87,7.03,13.4,-0.2754,20.83,34.64,3.229,11.32,3.87,60.0,1982523
DON-BLK-024,dongri_buzurg,Dongri Buzurg Mine,21.56363,79.79577,75.7,46.27,6.86,14.18,-0.0629,28.04,31.38,2.166,11.82,2.48,78.4,846647
GUM-BLK-024,gumgaon,Gumgaon Mine,21.41524,79.0696,237.0,40.91,5.01,16.19,-0.2586,23.2,32.07,2.292,12.51,3.35,85.8,861572
MAN-BLK-024,mansar,Mansar Mine,21.3656,79.2397,115.0,36.21,6.45,4.67,-0.1303,29.6,25.62,1.79,4.35,5.02,60.0,444779
UKW-BLK-024,ukwa,Ukwa Mine,22.06903,80.44413,204.4,44.32,6.02,19.22,-0.0609,30.14,34.67,3.041,10.11,2.52,96.5,777628
BAL-BLK-025,balaghat,Balaghat Mine,21.79799,80.16677,368.4,49.15,5.9,14.39,-0.3719,22.84,28.77,1.915,13.21,3.35,61.2,2269556
DON-BLK-025,dongri_buzurg,Dongri Buzurg Mine,21.57923,79.65073,116.3,46.39,6.62,11.21,-0.3335,21.77,36.9,3.567,17.12,2.91,66.5,1108473
GUM-BLK-025,gumgaon,Gumgaon Mine,21.39734,78.93206,176.8,42.69,6.77,11.32,-0.1345,20.8,26.74,1.377,11.11,5.63,60.0,775988
MAN-BLK-025,mansar,Mansar Mine,21.38282,79.23311,169.8,39.81,4.87,14.68,-0.0316,23.4,31.08,2.236,7.7,3.23,80.2,720325
UKW-BLK-025,ukwa,Ukwa Mine,22.00324,80.43457,181.0,42.33,4.67,11.95,-0.45,29.3,35.32,2.538,11.27,4.12,60.0,672221
BAL-BLK-026,balaghat,Balaghat Mine,21.78364,80.21667,227.5,42.99,6.03,13.63,-0.2022,14.31,37.24,2.343,8.87,3.74,63.7,1494534
DON-BLK-026,dongri_buzurg,Dongri Buzurg Mine,21.51337,79.69417,143.2,40.37,6.41,12.53,-0.2815,24.52,27.18,1.324,11.69,4.58,60.0,796861
GUM-BLK-026,gumgaon,Gumgaon Mine,21.35131,79.02757,131.8,45.56,5.88,11.36,-0.0484,20.12,28.4,2.49,9.34,3.65,60.0,771857
MAN-BLK-026,mansar,Mansar Mine,21.41402,79.24711,218.3,37.49,5.72,13.79,-0.059,23.53,31.19,4.0,10.27,2.6,79.5,807564
UKW-BLK-026,ukwa,Ukwa Mine,22.01264,80.47123,151.7,39.77,6.64,18.56,-0.049,21.32,37.76,2.661,12.73,4.08,81.7,652899
BAL-BLK-027,balaghat,Balaghat Mine,21.77906,80.2261,385.7,45.76,7.16,13.69,-0.2547,21.58,27.7,2.901,18.45,2.22,93.9,2129973
DON-BLK-027,dongri_buzurg,Dongri Buzurg Mine,21.61049,79.68851,158.1,42.47,6.3,8.28,-0.1434,22.88,36.44,3.201,18.88,4.2,78.5,1129405
GUM-BLK-027,gumgaon,Gumgaon Mine,21.39948,78.98867,155.6,40.56,5.96,13.06,-0.3041,30.84,37.93,2.588,4.08,2.77,60.0,684228
MAN-BLK-027,mansar,Mansar Mine,21.40019,79.21723,188.2,37.09,6.73,11.16,-0.2065,21.65,27.85,3.321,8.26,4.96,60.0,794774
UKW-BLK-027,ukwa,Ukwa Mine,22.00663,80.44944,184.8,43.91,4.84,12.47,-0.3449,31.13,29.91,2.776,12.47,3.19,75.7,800475
BAL-BLK-028,balaghat,Balaghat Mine,21.7858,80.21975,346.6,42.73,5.88,8.5,-0.2777,27.08,32.81,2.828,12.67,4.26,60.0,1794839
DON-BLK-028,dongri_buzurg,Dongri Buzurg Mine,21.57039,79.68205,120.5,38.49,5.71,12.53,-0.0381,23.28,22.22,2.995,8.12,3.39,77.4,801734
GUM-BLK-028,gumgaon,Gumgaon Mine,21.39932,79.03118,175.5,38.58,6.96,14.59,-0.0976,18.39,36.89,2.373,12.18,3.94,60.0,788455
MAN-BLK-028,mansar,Mansar Mine,21.39216,79.24323,62.2,33.22,6.12,10.96,-0.2658,17.59,36.28,3.313,7.56,3.3,79.4,535960
UKW-BLK-028,ukwa,Ukwa Mine,22.01318,80.42961,116.9,44.47,6.96,15.41,-0.1467,25.14,36.5,1.476,13.85,2.72,60.0,594118
BAL-BLK-029,balaghat,Balaghat Mine,21.82525,80.23985,394.2,52.0,6.2,8.1,-0.0552,28.45,32.34,2.072,13.71,2.49,60.0,2487380
DON-BLK-029,dongri_buzurg,Dongri Buzurg Mine,21.54696,79.69663,129.2,42.74,5.87,9.82,-0.1731,19.55,26.06,2.395,11.1,2.98,67.7,897619
GUM-BLK-029,gumgaon,Gumgaon Mine,21.33545,78.99948,236.0,37.3,5.89,9.66,-0.2009,19.49,33.44,3.2,3.68,3.64,72.1,631150
MAN-BLK-029,mansar,Mansar Mine,21.42795,79.26573,80.5,36.39,5.43,15.77,-0.1558,35.41,31.73,2.266,4.45,1.34,60.0,451842
UKW-BLK-029,ukwa,Ukwa Mine,21.97739,80.48705,209.4,46.38,7.08,10.1,-0.2762,24.88,39.25,3.122,11.68,2.43,60.0,730928
BAL-BLK-030,balaghat,Balaghat Mine,21.77603,80.17645,360.3,43.74,4.69,11.21,-0.2804,25.01,33.99,2.192,15.79,3.38,87.4,1872841
DON-BLK-030,dongri_buzurg,Dongri Buzurg Mine,21.58233,79.70103,113.5,42.27,4.83,14.23,-0.3309,24.65,31.85,2.57,10.66,1.24,78.2,905958
GUM-BLK-030,gumgaon,Gumgaon Mine,21.39541,79.00919,185.2,36.92,6.47,15.39,-0.1103,20.12,39.99,2.055,11.93,4.7,78.8,660686
MAN-BLK-030,mansar,Mansar Mine,21.4568,79.2472,208.0,33.41,6.07,9.57,0.0161,14.03,36.65,3.052,4.67,3.01,60.0,537845
UKW-BLK-030,ukwa,Ukwa Mine,21.9581,80.45438,127.8,45.98,4.57,16.59,-0.0484,20.63,31.06,1.956,9.93,4.66,60.5,718207
BAL-BLK-031,balaghat,Balaghat Mine,21.75543,80.1612,417.1,51.8,4.88,10.38,-0.3076,23.91,34.46,2.794,13.07,3.37,82.4,2510921
DON-BLK-031,dongri_buzurg,Dongri Buzurg Mine,21.5392,79.68135,74.7,45.68,6.93,14.44,-0.2541,31.04,33.66,2.661,13.58,1.61,69.3,885619
GUM-BLK-031,gumgaon,Gumgaon Mine,21.34394,79.00852,225.2,44.2,6.75,12.88,-0.4214,20.74,28.45,2.41,11.22,2.93,60.0,805605
MAN-BLK-031,mansar,Mansar Mine,21.43102,79.21429,139.9,39.17,6.19,3.14,-0.2093,30.61,40.81,2.069,11.45,2.94,67.7,658434
UKW-BLK-031,ukwa,Ukwa Mine,22.07247,80.40658,141.0,44.54,6.85,18.19,-0.1703,21.65,33.21,2.539,13.71,3.06,91.2,774324
BAL-BLK-032,balaghat,Balaghat Mine,21.80363,80.22994,321.3,46.36,5.51,8.83,-0.2966,20.43,38.18,1.757,21.89,4.77,83.9,2011721
DON-BLK-032,dongri_buzurg,Dongri Buzurg Mine,21.5518,79.70312,139.3,42.36,7.08,17.22,-0.2178,23.09,31.12,3.175,12.86,0.8,83.2,1074120
GUM-BLK-032,gumgaon,Gumgaon Mine,21.39949,79.00205,250.7,38.71,6.45,9.29,-0.1234,18.17,25.79,2.334,12.39,4.64,71.4,775622
MAN-BLK-032,mansar,Mansar Mine,21.4301,79.27785,193.3,39.68,6.58,9.92,-0.0354,28.25,33.58,3.111,10.06,2.44,77.6,767892
UKW-BLK-032,ukwa,Ukwa Mine,21.9369,80.43969,162.8,43.4,4.8,5.37,-0.1748,24.01,28.32,2.975,14.25,1.57,60.8,687006
BAL-BLK-033,balaghat,Balaghat Mine,21.77403,80.1473,372.8,46.07,6.95,14.45,-0.2481,11.98,34.86,2.157,12.55,3.83,63.8,2059167
DON-BLK-033,dongri_buzurg,Dongri Buzurg Mine,21.50165,79.57092,110.3,41.71,6.19,12.73,-0.2493,28.84,27.62,2.871,12.37,4.77,60.0,1036629
GUM-BLK-033,gumgaon,Gumgaon Mine,21.4074,78.98244,171.6,34.67,4.86,11.9,-0.2109,24.91,28.3,3.067,8.38,3.49,76.6,613210
MAN-BLK-033,mansar,Mansar Mine,21.40731,79.2902,116.9,36.07,4.78,7.29,-0.2547,21.14,35.93,2.699,9.46,4.52,72.9,610109
UKW-BLK-033,ukwa,Ukwa Mine,21.98232,80.46257,116.1,43.62,5.55,18.94,-0.031,29.56,36.34,3.238,11.78,3.74,86.2,680781
BAL-BLK-034,balaghat,Balaghat Mine,21.79216,80.20953,191.6,49.87,5.47,12.0,-0.1671,15.34,21.67,2.517,10.04,2.89,81.7,1672857
DON-BLK-034,dongri_buzurg,Dongri Buzurg Mine,21.53587,79.7498,138.7,40.09,6.27,13.69,-0.0558,23.55,35.02,2.152,5.62,4.48,76.6,810439
GUM-BLK-034,gumgaon,Gumgaon Mine,21.35562,78.96801,242.5,42.95,5.57,8.85,-0.1211,22.03,34.71,2.428,10.79,3.55,60.0,765925
MAN-BLK-034,mansar,Mansar Mine,21.43073,79.23667,62.6,34.23,4.55,8.03,-0.1728,18.03,20.47,2.47,15.47,4.44,81.4,594879
UKW-BLK-034,ukwa,Ukwa Mine,21.95618,80.4676,222.0,45.33,5.34,14.5,-0.1258,26.63,32.09,3.007,13.89,3.08,80.7,822835
BAL-BLK-035,balaghat,Balaghat Mine,21.80887,80.24686,263.5,49.27,7.13,7.27,-0.2148,25.46,31.0,3.427,8.69,2.51,73.0,1866927
DON-BLK-035,dongri_buzurg,Dongri Buzurg Mine,21.48827,79.68467,46.9,45.85,7.09,12.07,-0.1874,16.44,29.23,2.543,11.35,5.04,74.7,791679
GUM-BLK-035,gumgaon,Gumgaon Mine,21.34724,79.01266,274.1,36.17,6.32,17.52,-0.2543,16.45,30.95,2.792,11.87,3.41,89.6,791993
MAN-BLK-035,mansar,Mansar Mine,21.40717,79.22379,84.2,44.35,7.09,6.37,-0.1839,36.14,32.03,2.606,10.7,3.28,60.0,734308
UKW-BLK-035,ukwa,Ukwa Mine,21.87823,80.52804,107.9,43.24,5.06,7.69,-0.2509,27.53,24.81,2.884,17.46,1.86,79.0,732589
BAL-BLK-036,balaghat,Balaghat Mine,21.77832,80.20194,361.8,46.55,4.94,18.32,-0.2422,28.32,26.18,2.29,13.96,5.28,92.0,2074318
DON-BLK-036,dongri_buzurg,Dongri Buzurg Mine,21.54148,79.69167,41.1,42.93,5.12,11.27,-0.3476,27.63,35.97,2.469,9.87,3.82,74.5,677910
GUM-BLK-036,gumgaon,Gumgaon Mine,21.38905,79.08679,142.5,39.11,5.28,14.6,-0.1964,20.1,37.95,3.26,8.14,1.26,67.6,720957
MAN-BLK-036,mansar,Mansar Mine,21.37371,79.28883,161.5,42.36,5.15,7.64,-0.1924,18.28,30.17,2.974,11.39,4.2,60.0,888090
UKW-BLK-036,ukwa,Ukwa Mine,21.90413,80.53139,150.8,44.09,5.45,11.34,-0.094,23.23,38.8,2.035,11.65,2.0,77.5,674494
BAL-BLK-037,balaghat,Balaghat Mine,21.84028,80.16807,229.7,46.53,5.61,14.48,-0.1668,26.43,37.56,2.238,14.58,4.93,60.0,1634324
DON-BLK-037,dongri_buzurg,Dongri Buzurg Mine,21.56679,79.67153,55.3,40.97,6.57,9.64,-0.1817,17.48,27.11,2.952,7.14,4.3,68.8,682370
GUM-BLK-037,gumgaon,Gumgaon Mine,21.32267,78.9757,181.8,42.22,4.99,14.03,-0.0993,22.49,29.31,3.303,16.24,4.67,91.5,880761
MAN-BLK-037,mansar,Mansar Mine,21.36877,79.22398,200.5,39.96,6.08,14.28,-0.3601,30.31,27.51,2.46,10.99,5.89,60.0,970203
UKW-BLK-037,ukwa,Ukwa Mine,21.99097,80.45937,249.0,46.83,5.75,15.48,-0.1934,26.99,35.0,2.914,15.16,2.76,83.8,903570
BAL-BLK-038,balaghat,Balaghat Mine,21.76079,80.20248,354.5,48.68,6.02,11.98,-0.1518,17.45,30.26,3.062,15.84,3.15,87.8,2184699
DON-BLK-038,dongri_buzurg,Dongri Buzurg Mine,21.49329,79.67742,124.6,41.74,7.11,16.62,-0.1896,20.04,35.14,2.846,12.34,2.87,60.0,886009
GUM-BLK-038,gumgaon,Gumgaon Mine,21.43559,78.98365,175.1,37.38,6.85,15.71,-0.0903,28.1,25.85,3.144,10.12,3.06,88.5,709667
MAN-BLK-038,mansar,Mansar Mine,21.33005,79.27355,115.2,42.0,5.4,6.7,-0.2675,33.2,29.59,1.892,7.6,4.98,70.0,630846
UKW-BLK-038,ukwa,Ukwa Mine,21.94477,80.4731,220.9,45.2,6.21,10.74,-0.3704,21.52,33.17,2.269,9.2,3.91,80.7,750718
BAL-BLK-039,balaghat,Balaghat Mine,21.80611,80.15456,223.0,50.74,6.4,9.85,-0.45,18.42,25.27,2.484,13.76,1.76,65.3,1872816
DON-BLK-039,dongri_buzurg,Dongri Buzurg Mine,21.51384,79.69999,112.4,41.39,4.71,10.09,-0.221,34.04,38.03,2.067,13.23,4.47,60.8,837042
GUM-BLK-039,gumgaon,Gumgaon Mine,21.42445,79.06432,179.5,41.64,6.84,6.62,-0.1236,26.04,33.76,2.058,13.96,4.9,73.5,727797
MAN-BLK-039,mansar,Mansar Mine,21.39936,79.19596,141.0,39.94,7.09,15.94,-0.2197,27.39,27.41,2.622,9.71,3.77,84.1,737559
UKW-BLK-039,ukwa,Ukwa Mine,21.96144,80.49974,146.6,48.5,4.52,10.28,-0.021,32.29,26.18,3.057,11.71,3.82,77.0,753602
BAL-BLK-040,balaghat,Balaghat Mine,21.79542,80.15355,245.0,44.57,5.17,11.76,-0.2933,28.09,38.69,2.433,12.57,4.1,76.8,1646970
DON-BLK-040,dongri_buzurg,Dongri Buzurg Mine,21.55704,79.72141,64.0,45.17,6.49,14.38,-0.3026,24.23,35.07,2.608,15.28,6.34,77.4,883371
GUM-BLK-040,gumgaon,Gumgaon Mine,21.33646,79.01495,269.6,41.82,5.73,7.31,-0.1078,20.36,39.74,3.554,8.59,2.84,60.0,846412
MAN-BLK-040,mansar,Mansar Mine,21.38561,79.25538,114.2,36.57,5.83,12.01,-0.2186,32.66,26.35,2.954,8.21,3.16,67.4,666215
UKW-BLK-040,ukwa,Ukwa Mine,21.9803,80.48952,119.9,46.51,5.28,8.2,-0.3181,41.69,37.6,2.112,8.56,4.08,65.7,645514
BAL-BLK-041,balaghat,Balaghat Mine,21.82676,80.1747,408.7,43.29,5.87,7.23,-0.2273,18.89,32.79,4.0,12.5,3.12,60.0,1970740
DON-BLK-041,dongri_buzurg,Dongri Buzurg Mine,21.57331,79.7085,92.7,42.9,6.15,13.66,-0.3086,27.33,27.87,2.484,10.38,4.67,69.5,912401
GUM-BLK-041,gumgaon,Gumgaon Mine,21.34187,79.005,135.9,39.01,5.46,13.49,-0.2001,22.15,42.92,2.815,5.77,2.82,63.5,652441
MAN-BLK-041,mansar,Mansar Mine,21.48464,79.19376,157.4,33.24,6.38,8.96,-0.0753,8.19,32.02,2.691,10.66,2.28,77.9,621879
UKW-BLK-041,ukwa,Ukwa Mine,21.92968,80.47692,160.7,45.01,5.06,9.18,-0.1071,22.59,32.17,2.048,11.11,3.44,60.0,768768
BAL-BLK-042,balaghat,Balaghat Mine,21.76032,80.24347,240.8,49.29,4.53,12.98,-0.0247,26.23,33.75,2.733,17.17,4.82,79.6,1885466
DON-BLK-042,dongri_buzurg,Dongri Buzurg Mine,21.50123,79.68358,142.6,40.95,4.7,15.58,-0.0372,21.26,31.81,2.672,13.13,0.8,81.4,942901
GUM-BLK-042,gumgaon,Gumgaon Mine,21.40015,79.0508,202.4,38.42,7.19,5.43,-0.0962,20.19,26.65,2.331,9.14,2.77,60.0,546041
MAN-BLK-042,mansar,Mansar Mine,21.43698,79.3082,187.6,37.91,4.51,19.39,-0.0956,28.01,28.7,2.642,10.89,5.25,84.5,821001
UKW-BLK-042,ukwa,Ukwa Mine,21.99826,80.47005,125.3,47.75,6.31,16.91,-0.1427,21.34,29.84,2.87,14.35,3.74,90.7,805202
BAL-BLK-043,balaghat,Balaghat Mine,21.8728,80.22776,393.4,51.72,4.92,15.88,-0.0332,22.69,28.19,2.496,11.08,2.56,85.0,2386044
DON-BLK-043,dongri_buzurg,Dongri Buzurg Mine,21.49778,79.69232,62.6,43.73,4.71,8.82,-0.02,27.06,36.64,2.387,14.12,2.19,64.4,820500
GUM-BLK-043,gumgaon,Gumgaon Mine,21.39857,79.02493,181.7,37.51,6.38,9.87,-0.1095,15.8,35.82,2.046,11.04,4.25,67.7,618495
MAN-BLK-043,mansar,Mansar Mine,21.42438,79.26762,126.3,36.99,5.67,13.22,-0.3497,24.57,30.81,2.899,8.29,3.1,70.8,709253
UKW-BLK-043,ukwa,Ukwa Mine,21.9801,80.47935,144.8,41.82,4.76,12.44,-0.1001,27.67,27.42,2.548,10.77,3.34,79.3,654727
BAL-BLK-044,balaghat,Balaghat Mine,21.86205,80.22817,235.7,42.83,4.54,14.18,-0.0375,26.32,36.91,3.577,14.31,3.8,71.1,1616695
DON-BLK-044,dongri_buzurg,Dongri Buzurg Mine,21.5598,79.69266,130.8,46.15,5.55,10.28,-0.1569,15.6,33.65,1.77,14.28,4.56,73.1,1012266
GUM-BLK-044,gumgaon,Gumgaon Mine,21.39664,79.08097,248.7,38.38,5.51,18.87,-0.1699,30.07,38.04,2.278,8.23,4.98,61.8,814122
MAN-BLK-044,mansar,Mansar Mine,21.42362,79.22201,141.9,41.17,4.96,13.66,-0.0005,29.12,33.87,2.857,10.79,4.17,60.0,654935
UKW-BLK-044,ukwa,Ukwa Mine,21.95484,80.47635,149.9,40.58,6.99,18.14,0.0053,21.21,31.32,2.608,9.1,3.73,79.8,598405
BAL-BLK-045,balaghat,Balaghat Mine,21.75958,80.20981,387.1,46.03,6.49,12.74,-0.1088,20.21,33.14,3.083,12.26,4.05,77.4,2017657
DON-BLK-045,dongri_buzurg,Dongri Buzurg Mine,21.54614,79.68347,48.5,39.11,5.07,11.38,-0.3605,21.05,30.72,2.506,9.21,3.43,73.3,682335
GUM-BLK-045,gumgaon,Gumgaon Mine,21.42668,78.97681,182.0,36.96,4.85,9.34,-0.2541,16.22,29.95,2.674,10.97,2.83,72.3,664520
MAN-BLK-045,mansar,Mansar Mine,21.36403,79.25594,114.4,36.12,6.02,10.74,-0.1206,25.1,44.12,2.739,5.88,3.39,60.0,492292
UKW-BLK-045,ukwa,Ukwa Mine,21.96348,80.43338,155.2,40.48,6.46,3.87,0.037,28.88,34.17,2.806,11.6,1.19,65.7,581479
BAL-BLK-046,balaghat,Balaghat Mine,21.83861,80.18294,358.0,42.57,5.83,16.36,-0.2028,29.71,30.35,1.901,8.37,5.38,85.7,1684782
DON-BLK-046,dongri_buzurg,Dongri Buzurg Mine,21.54426,79.67971,154.2,41.93,6.06,7.61,0.0747,23.05,33.33,1.977,15.36,2.1,76.6,974280
GUM-BLK-046,gumgaon,Gumgaon Mine,21.34781,78.97925,161.6,37.46,4.99,10.08,-0.0647,17.37,32.99,3.147,7.82,2.64,74.8,611770
MAN-BLK-046,mansar,Mansar Mine,21.44829,79.26496,203.3,39.96,5.1,8.58,-0.1307,22.15,28.23,2.234,11.84,4.97,67.2,760022
UKW-BLK-046,ukwa,Ukwa Mine,21.98504,80.38322,116.9,42.16,5.81,8.72,-0.2731,25.75,31.16,1.655,4.64,2.77,65.3,506815
BAL-BLK-047,balaghat,Balaghat Mine,21.6949,80.16491,323.3,49.78,4.96,10.72,-0.2217,11.22,35.46,2.861,15.2,8.21,60.0,2078126
DON-BLK-047,dongri_buzurg,Dongri Buzurg Mine,21.62299,79.6802,43.0,42.0,5.71,10.01,-0.1525,14.9,35.38,2.473,7.56,2.96,60.0,670970
GUM-BLK-047,gumgaon,Gumgaon Mine,21.37029,79.01714,266.8,41.91,6.03,8.09,-0.2125,28.01,32.44,3.242,8.76,4.39,72.7,812296
MAN-BLK-047,mansar,Mansar Mine,21.39853,79.26087,228.0,39.21,5.22,17.52,-0.057,29.21,29.95,2.223,12.84,4.55,67.4,912721
UKW-BLK-047,ukwa,Ukwa Mine,21.94254,80.45752,179.7,41.5,6.75,7.62,-0.1122,22.86,33.46,2.137,11.03,0.8,73.8,621117
BAL-BLK-048,balaghat,Balaghat Mine,21.73958,80.23314,360.9,48.68,6.06,8.68,-0.0224,29.59,30.94,3.26,9.97,2.51,66.4,2061009
DON-BLK-048,dongri_buzurg,Dongri Buzurg Mine,21.53284,79.64944,91.6,41.84,5.28,17.99,-0.4205,23.59,25.84,3.552,13.63,3.63,73.0,1037740
GUM-BLK-048,gumgaon,Gumgaon Mine,21.35785,79.02454,276.0,40.36,6.03,14.56,-0.1475,14.07,27.68,2.583,10.66,2.14,60.0,923188
MAN-BLK-048,mansar,Mansar Mine,21.46176,79.28128,65.8,39.69,4.78,19.28,-0.1472,16.55,33.5,2.559,4.42,2.47,85.0,543962
UKW-BLK-048,ukwa,Ukwa Mine,22.04221,80.48896,145.5,40.06,6.06,15.79,-0.2369,23.44,37.97,2.055,6.08,2.8,67.5,610450
BAL-BLK-049,balaghat,Balaghat Mine,21.74403,80.07161,381.8,44.94,6.68,7.45,-0.259,30.92,23.59,2.524,12.55,4.04,68.2,1908219
DON-BLK-049,dongri_buzurg,Dongri Buzurg Mine,21.55538,79.59217,59.3,39.36,6.27,12.21,-0.1225,21.94,32.77,2.192,9.41,4.23,81.4,666086
GUM-BLK-049,gumgaon,Gumgaon Mine,21.36824,79.01177,187.4,33.68,6.75,16.0,-0.091,31.18,25.83,2.23,7.17,2.56,60.0,647723
MAN-BLK-049,mansar,Mansar Mine,21.36683,79.23498,131.1,39.07,4.99,13.11,-0.2144,23.44,29.62,1.939,10.89,5.61,86.9,697166
UKW-BLK-049,ukwa,Ukwa Mine,21.97571,80.49441,213.4,47.9,5.93,10.03,-0.3154,34.91,35.49,2.988,13.72,3.2,60.0,923566
BAL-BLK-050,balaghat,Balaghat Mine,21.81041,80.10622,399.6,43.37,5.18,11.8,-0.054,12.29,32.65,1.86,13.71,3.39,78.8,1869117
DON-BLK-050,dongri_buzurg,Dongri Buzurg Mine,21.51944,79.74288,120.5,44.97,5.22,10.34,-0.0119,30.42,28.72,2.862,8.11,4.19,71.1,932312
GUM-BLK-050,gumgaon,Gumgaon Mine,21.31691,78.95633,152.5,39.01,5.63,13.36,-0.1439,22.83,28.6,3.092,14.87,2.92,78.7,744198
MAN-BLK-050,mansar,Mansar Mine,21.42075,79.24288,226.8,36.84,4.61,11.63,-0.3901,31.91,32.33,2.406,8.88,3.45,60.0,694961
UKW-BLK-050,ukwa,Ukwa Mine,22.0265,80.46835,149.5,45.04,6.42,13.66,-0.2424,29.08,22.43,2.656,10.21,4.02,78.3,729201
BAL-BLK-051,balaghat,Balaghat Mine,21.77649,80.15641,376.2,40.94,6.85,9.86,-0.45,21.75,27.33,1.912,6.87,3.63,60.0,1661977
DON-BLK-051,dongri_buzurg,Dongri Buzurg Mine,21.56653,79.66744,57.9,42.48,5.22,7.96,-0.4051,21.66,32.71,2.623,9.87,2.37,65.1,768157
GUM-BLK-051,gumgaon,Gumgaon Mine,21.33901,79.03384,288.4,38.92,5.12,14.14,-0.3496,20.99,36.39,2.851,12.81,4.13,68.6,832986
MAN-BLK-051,mansar,Mansar Mine,21.38787,79.22599,180.8,42.23,5.23,15.13,0.0262,21.54,35.21,3.69,9.18,1.66,60.0,771771
UKW-BLK-051,ukwa,Ukwa Mine,21.99521,80.39137,253.1,46.4,6.0,13.9,-0.3327,19.94,28.52,3.092,15.19,4.04,68.5,987522
BAL-BLK-052,balaghat,Balaghat Mine,21.75768,80.25159,343.8,50.77,6.05,6.2,-0.3075,19.59,35.25,2.304,16.29,5.14,65.3,2284162
DON-BLK-052,dongri_buzurg,Dongri Buzurg Mine,21.56535,79.65219,141.9,40.4,7.01,4.6,-0.2325,11.85,27.18,3.499,6.55,3.73,60.0,890706
GUM-BLK-052,gumgaon,Gumgaon Mine,21.3415,79.01019,227.1,42.43,5.85,6.16,-0.0675,22.96,35.47,2.864,8.9,3.77,60.0,673045
MAN-BLK-052,mansar,Mansar Mine,21.42523,79.26913,202.6,41.81,7.05,16.06,-0.2966,19.73,37.34,3.304,10.17,3.56,74.0,874809
UKW-BLK-052,ukwa,Ukwa Mine,22.01361,80.49332,161.7,49.24,4.86,12.81,-0.1578,22.71,28.07,3.153,15.65,2.4,63.5,922915
BAL-BLK-053,balaghat,Balaghat Mine,21.85161,80.19027,409.8,48.2,4.73,21.68,-0.45,29.26,24.97,3.419,12.13,3.25,91.2,2319248
DON-BLK-053,dongri_buzurg,Dongri Buzurg Mine,21.54248,79.74844,144.8,34.23,7.19,16.47,-0.1048,16.76,27.16,3.311,5.4,2.12,66.2,788039
GUM-BLK-053,gumgaon,Gumgaon Mine,21.40524,78.96528,144.4,44.65,6.39,14.46,-0.1441,26.17,39.93,2.695,8.33,4.04,60.0,819479
MAN-BLK-053,mansar,Mansar Mine,21.36051,79.24274,82.6,39.67,7.1,11.81,-0.2959,30.73,42.44,2.717,7.42,1.64,77.0,628264
UKW-BLK-053,ukwa,Ukwa Mine,22.01086,80.48571,107.5,49.32,5.18,11.93,-0.1263,14.73,39.15,3.016,17.71,1.89,63.3,756438
BAL-BLK-054,balaghat,Balaghat Mine,21.79884,80.20501,266.1,51.53,6.96,8.41,-0.1016,18.21,39.33,2.659,19.06,4.31,82.6,2115277
DON-BLK-054,dongri_buzurg,Dongri Buzurg Mine,21.53322,79.67806,110.1,40.95,4.67,13.18,-0.1763,11.23,34.06,2.205,7.12,1.48,60.0,723145
GUM-BLK-054,gumgaon,Gumgaon Mine,21.33748,78.97444,243.2,45.27,4.67,13.4,-0.1959,23.54,26.62,3.357,17.52,1.48,72.7,990544
MAN-BLK-054,mansar,Mansar Mine,21.38991,79.21862,89.3,36.15,4.66,14.37,0.1029,31.14,32.96,3.044,12.22,2.82,74.3,611492
UKW-BLK-054,ukwa,Ukwa Mine,21.96983,80.50117,171.3,44.19,5.3,11.74,-0.2142,35.84,25.76,2.917,16.18,6.23,81.0,790794
BAL-BLK-055,balaghat,Balaghat Mine,21.82446,80.20769,246.5,48.07,4.61,9.15,-0.1761,8.81,35.07,2.798,12.41,5.96,67.9,1764920
DON-BLK-055,dongri_buzurg,Dongri Buzurg Mine,21.53788,79.77136,85.7,38.87,4.65,14.94,-0.1483,16.24,29.61,2.345,9.62,4.01,81.2,765067
GUM-BLK-055,gumgaon,Gumgaon Mine,21.32066,79.04536,272.0,43.35,6.2,12.75,-0.1441,32.08,34.35,2.634,18.24,4.57,81.1,1012236
MAN-BLK-055,mansar,Mansar Mine,21.35005,79.20567,70.7,39.32,6.13,12.49,0.0147,28.17,26.87,2.574,7.6,3.03,75.3,535769
UKW-BLK-055,ukwa,Ukwa Mine,21.94759,80.41649,109.2,44.6,5.8,3.26,-0.077,21.74,32.08,2.167,16.95,5.78,71.3,658773
BAL-BLK-056,balaghat,Balaghat Mine,21.84574,80.19191,334.9,42.76,4.62,10.41,-0.2228,23.45,31.64,2.694,8.03,2.64,60.0,1606086
DON-BLK-056,dongri_buzurg,Dongri Buzurg Mine,21.59311,79.60747,49.2,38.08,5.82,18.2,-0.2119,23.61,27.45,2.376,14.17,4.3,80.6,703039
GUM-BLK-056,gumgaon,Gumgaon Mine,21.3278,78.98972,154.0,39.2,6.65,13.79,0.057,28.89,31.78,2.54,8.9,4.92,74.4,617482
MAN-BLK-056,mansar,Mansar Mine,21.40291,79.25925,100.4,34.22,7.14,6.04,-0.0853,20.8,37.49,2.162,13.36,1.4,67.9,593698
UKW-BLK-056,ukwa,Ukwa Mine,21.98572,80.43488,174.8,44.99,5.98,13.76,-0.45,18.21,39.33,2.438,8.47,3.26,60.0,813540
BAL-BLK-057,balaghat,Balaghat Mine,21.73153,80.14285,322.5,43.2,5.77,12.92,0.0523,33.57,35.06,2.31,11.22,3.31,80.6,1685379
DON-BLK-057,dongri_buzurg,Dongri Buzurg Mine,21.61204,79.72688,108.1,38.18,6.65,14.4,0.0069,17.33,31.84,2.37,4.91,3.92,60.0,789653
GUM-BLK-057,gumgaon,Gumgaon Mine,21.3181,79.00151,259.6,39.98,7.04,10.74,-0.1935,16.2,33.05,2.293,3.67,4.93,60.0,710555
MAN-BLK-057,mansar,Mansar Mine,21.40317,79.26636,220.3,41.51,6.11,10.96,-0.0316,25.92,32.87,2.082,11.64,2.5,71.3,801922
UKW-BLK-057,ukwa,Ukwa Mine,21.93408,80.42405,199.9,39.44,6.16,18.52,-0.1681,16.24,28.87,2.213,13.77,3.02,78.0,777220
BAL-BLK-058,balaghat,Balaghat Mine,21.82896,80.27705,339.1,42.36,6.33,8.59,-0.0733,26.02,30.98,2.294,8.92,5.96,77.6,1607832
DON-BLK-058,dongri_buzurg,Dongri Buzurg Mine,21.58529,79.66006,131.2,38.94,5.07,6.08,-0.1696,24.67,31.19,2.797,11.96,4.38,60.0,807976
GUM-BLK-058,gumgaon,Gumgaon Mine,21.38033,79.05059,229.3,42.31,5.06,5.08,-0.1882,35.39,27.73,2.289,13.35,1.65,62.2,774490
MAN-BLK-058,mansar,Mansar Mine,21.42496,79.23183,223.7,42.26,6.92,9.58,-0.2342,26.22,31.44,2.869,9.55,3.28,60.1,830048
UKW-BLK-058,ukwa,Ukwa Mine,21.9653,80.43426,245.6,40.68,6.86,14.74,-0.2358,26.45,34.48,2.843,8.01,3.68,80.7,727552
BAL-BLK-059,balaghat,Balaghat Mine,21.80509,80.10144,335.0,43.57,5.34,12.1,-0.1566,25.87,37.37,2.115,13.69,4.21,84.9,1758893
DON-BLK-059,dongri_buzurg,Dongri Buzurg Mine,21.56755,79.73288,121.3,43.64,5.18,11.77,-0.1931,24.44,31.32,3.218,11.27,2.16,77.3,965092
GUM-BLK-059,gumgaon,Gumgaon Mine,21.39885,79.05197,155.9,40.06,6.13,18.32,-0.0273,23.09,34.4,3.012,13.92,4.77,81.7,818506
MAN-BLK-059,mansar,Mansar Mine,21.3885,79.23433,133.4,39.43,6.89,15.73,-0.0023,18.5,28.23,2.563,10.97,2.87,65.0,772916
UKW-BLK-059,ukwa,Ukwa Mine,21.98366,80.46828,166.4,39.97,5.91,7.61,-0.0583,23.05,46.59,3.671,9.69,3.37,60.0,674691
BAL-BLK-060,balaghat,Balaghat Mine,21.87293,80.11938,368.4,41.5,5.03,13.74,-0.0606,16.8,21.58,3.039,8.29,1.08,83.5,1670927
DON-BLK-060,dongri_buzurg,Dongri Buzurg Mine,21.58573,79.68682,81.4,37.25,4.5,10.57,-0.2493,27.13,33.45,2.672,6.3,3.28,60.0,575004
GUM-BLK-060,gumgaon,Gumgaon Mine,21.39884,79.05995,256.6,35.67,4.8,16.38,-0.2078,19.85,23.14,2.622,14.86,3.83,95.9,807587
MAN-BLK-060,mansar,Mansar Mine,21.41398,79.25676,195.8,39.2,7.18,6.31,-0.2922,31.82,34.99,2.374,12.97,2.9,61.1,763227
UKW-BLK-060,ukwa,Ukwa Mine,21.93631,80.39586,175.1,45.12,5.52,4.74,-0.2211,23.1,30.53,2.232,8.53,4.06,60.0,616797
BAL-BLK-061,balaghat,Balaghat Mine,21.81745,80.14949,209.7,47.86,5.97,10.36,-0.1568,21.53,33.16,2.63,13.02,3.11,80.8,1672691
DON-BLK-061,dongri_buzurg,Dongri Buzurg Mine,21.56248,79.65197,85.2,38.36,5.56,7.74,-0.151,18.64,34.31,2.627,3.77,4.29,60.0,651720
GUM-BLK-061,gumgaon,Gumgaon Mine,21.35195,79.01961,223.9,39.18,5.62,9.4,-0.221,23.26,30.21,2.09,8.76,3.82,78.0,689360
MAN-BLK-061,mansar,Mansar Mine,21.4084,79.2304,173.0,41.78,5.02,16.14,-0.133,22.78,29.62,3.123,6.6,2.34,81.4,774445
UKW-BLK-061,ukwa,Ukwa Mine,22.01621,80.48189,168.8,43.02,5.14,10.82,-0.0807,15.77,39.24,3.046,14.58,2.94,83.1,739782
BAL-BLK-062,balaghat,Balaghat Mine,21.74747,80.16391,206.4,47.88,6.89,16.54,-0.3602,21.81,31.32,2.11,14.78,2.63,92.7,1732082
DON-BLK-062,dongri_buzurg,Dongri Buzurg Mine,21.53592,79.66013,50.8,38.23,5.33,11.84,-0.131,33.92,32.63,3.058,5.46,3.69,60.0,551567
GUM-BLK-062,gumgaon,Gumgaon Mine,21.33262,78.97323,300.9,43.14,6.49,15.33,-0.1697,14.8,31.12,2.811,11.87,1.29,74.3,906259
MAN-BLK-062,mansar,Mansar Mine,21.39854,79.27865,148.0,40.46,6.04,11.11,-0.0996,27.5,28.4,1.781,9.23,4.7,60.0,737298
UKW-BLK-062,ukwa,Ukwa Mine,21.99512,80.48387,171.1,44.86,4.64,17.84,-0.3223,33.69,30.55,3.295,7.73,4.2,78.6,727664
BAL-BLK-063,balaghat,Balaghat Mine,21.74819,80.19364,250.1,46.17,5.08,17.83,-0.2275,27.29,36.27,2.689,17.98,3.77,94.5,1827489
DON-BLK-063,dongri_buzurg,Dongri Buzurg Mine,21.48954,79.68119,40.1,40.26,4.61,15.36,-0.1261,16.92,32.78,2.939,14.92,4.57,79.4,776064
GUM-BLK-063,gumgaon,Gumgaon Mine,21.3941,79.01833,184.9,38.2,6.92,12.69,-0.2111,19.36,33.71,3.163,7.83,0.8,75.9,674004
MAN-BLK-063,mansar,Mansar Mine,21.43764,79.27871,92.7,39.7,5.66,13.8,-0.2783,37.1,34.57,2.368,8.31,3.39,81.7,633409
UKW-BLK-063,ukwa,Ukwa Mine,22.01137,80.47416,220.0,45.45,6.44,11.71,-0.2068,28.61,29.26,2.869,13.09,1.23,60.0,903177
BAL-BLK-064,balaghat,Balaghat Mine,21.85643,80.16901,328.1,43.41,7.12,13.24,-0.1775,27.04,38.51,2.934,8.3,5.14,60.0,1770937
DON-BLK-064,dongri_buzurg,Dongri Buzurg Mine,21.68008,79.64676,80.1,37.25,6.67,12.32,0.0673,19.35,24.4,2.385,3.36,4.4,60.0,495729
GUM-BLK-064,gumgaon,Gumgaon Mine,21.39284,78.91969,294.9,38.9,4.53,17.75,-0.1301,18.82,31.86,2.627,11.28,1.86,84.1,863828
MAN-BLK-064,mansar,Mansar Mine,21.29292,79.232,73.5,36.5,5.86,9.87,-0.2772,25.19,31.64,2.326,7.58,4.34,68.5,516294
UKW-BLK-064,ukwa,Ukwa Mine,21.96318,80.5535,202.8,39.81,5.4,9.62,-0.2171,19.31,30.83,3.35,12.59,4.53,60.0,669151
BAL-BLK-065,balaghat,Balaghat Mine,21.75875,80.07134,361.9,43.8,7.0,7.96,-0.2055,19.87,32.92,3.029,6.73,3.86,60.0,1786109
DON-BLK-065,dongri_buzurg,Dongri Buzurg Mine,21.5374,79.71973,51.9,49.08,4.54,11.63,-0.1873,19.57,32.82,2.962,14.01,2.28,83.0,907007
GUM-BLK-065,gumgaon,Gumgaon Mine,21.45019,79.02075,197.2,40.72,6.93,14.94,-0.2984,25.91,27.54,2.358,11.07,3.86,67.0,735898
MAN-BLK-065,mansar,Mansar Mine,21.44326,79.28008,145.3,36.53,5.11,10.44,-0.1456,21.82,22.97,2.412,8.12,4.26,66.3,598273
UKW-BLK-065,ukwa,Ukwa Mine,22.03385,80.39023,103.8,43.64,6.7,10.23,-0.0987,24.48,37.13,2.507,8.23,5.2,77.7,559172
BAL-BLK-066,balaghat,Balaghat Mine,21.81366,80.23429,363.7,43.61,7.01,14.08,-0.2725,23.21,32.33,2.006,9.18,5.12,70.0,1815851
DON-BLK-066,dongri_buzurg,Dongri Buzurg Mine,21.55149,79.70142,136.2,44.15,4.99,11.35,-0.0674,19.34,39.01,2.0,16.59,3.05,83.8,1026335
GUM-BLK-066,gumgaon,Gumgaon Mine,21.3161,78.98461,196.0,36.89,4.65,15.35,-0.1364,25.85,27.07,2.196,14.56,2.62,61.2,811013
MAN-BLK-066,mansar,Mansar Mine,21.39138,79.25729,184.5,37.71,5.49,12.34,-0.173,26.03,36.01,2.605,11.31,5.47,78.6,774361
UKW-BLK-066,ukwa,Ukwa Mine,21.97917,80.40594,169.5,36.43,7.11,10.2,-0.1294,23.64,37.08,2.625,6.76,4.69,74.4,522376
BAL-BLK-067,balaghat,Balaghat Mine,21.82586,80.1658,313.8,41.29,5.77,12.39,-0.2397,28.76,30.66,2.54,13.66,2.65,60.0,1566811
DON-BLK-067,dongri_buzurg,Dongri Buzurg Mine,21.54757,79.67233,152.8,38.49,5.43,11.97,-0.1341,34.88,30.46,2.739,8.2,2.48,71.4,823322
GUM-BLK-067,gumgaon,Gumgaon Mine,21.37255,79.01718,208.9,36.14,4.57,18.77,-0.1093,25.58,37.78,1.49,1.74,2.9,68.2,581365
MAN-BLK-067,mansar,Mansar Mine,21.33847,79.13689,110.2,40.1,7.09,12.85,-0.3114,18.09,27.64,2.684,8.41,4.09,60.0,575116
UKW-BLK-067,ukwa,Ukwa Mine,21.93243,80.42166,115.7,43.35,6.04,13.51,-0.1947,27.35,40.35,2.461,12.4,1.34,60.0,572913
BAL-BLK-068,balaghat,Balaghat Mine,21.83859,80.18468,324.8,49.8,5.11,18.54,-0.1884,25.66,32.04,2.057,17.75,2.77,92.5,2233229
DON-BLK-068,dongri_buzurg,Dongri Buzurg Mine,21.49148,79.64452,91.8,40.96,6.64,17.29,-0.4068,29.35,29.35,2.961,10.66,1.65,91.4,901049
GUM-BLK-068,gumgaon,Gumgaon Mine,21.47955,79.02252,228.5,39.64,6.83,12.73,-0.3088,25.4,36.66,2.252,14.4,3.39,71.7,791410
MAN-BLK-068,mansar,Mansar Mine,21.44101,79.24573,103.9,36.4,6.92,7.64,-0.1656,26.96,33.31,1.687,5.63,4.62,70.6,487776
UKW-BLK-068,ukwa,Ukwa Mine,21.94575,80.41236,188.4,40.78,5.37,9.91,-0.3007,23.59,33.64,3.586,5.99,4.89,60.0,690960
BAL-BLK-069,balaghat,Balaghat Mine,21.77364,80.19303,342.4,46.91,6.5,9.7,-0.1604,21.42,25.32,2.632,16.29,1.67,64.4,1982004
DON-BLK-069,dongri_buzurg,Dongri Buzurg Mine,21.55905,79.65231,65.6,38.98,5.61,8.59,-0.0895,16.16,24.81,2.336,12.09,3.26,70.8,672563
GUM-BLK-069,gumgaon,Gumgaon Mine,21.39347,78.93297,267.8,40.08,5.47,12.37,-0.3158,30.77,32.7,2.483,10.22,3.37,61.0,863005
MAN-BLK-069,mansar,Mansar Mine,21.35803,79.2267,206.1,41.4,5.29,17.95,-0.2366,28.09,26.81,2.992,11.34,4.07,83.5,888008
UKW-BLK-069,ukwa,Ukwa Mine,21.90026,80.48683,185.4,46.21,6.9,5.69,0.0165,30.15,29.06,2.728,12.28,1.6,60.0,679796
BAL-BLK-070,balaghat,Balaghat Mine,21.78237,80.10345,241.9,46.63,5.75,13.41,-0.1339,25.36,30.54,2.988,14.61,3.87,74.3,1732755
DON-BLK-070,dongri_buzurg,Dongri Buzurg Mine,21.56506,79.73952,117.6,46.01,4.59,3.28,-0.2968,25.34,24.16,2.468,9.08,3.66,60.0,967026
GUM-BLK-070,gumgaon,Gumgaon Mine,21.41754,78.90793,140.3,45.52,6.25,12.55,-0.192,20.0,32.89,2.434,10.97,2.68,60.0,710364
MAN-BLK-070,mansar,Mansar Mine,21.40693,79.28061,210.3,36.75,6.49,13.18,-0.0598,15.85,27.95,2.156,12.35,4.63,78.9,771823
UKW-BLK-070,ukwa,Ukwa Mine,22.00958,80.43153,217.0,44.78,7.15,11.56,-0.107,23.31,30.27,2.94,14.55,2.7,86.2,816782
BAL-BLK-071,balaghat,Balaghat Mine,21.76246,80.08498,402.9,42.61,5.92,15.64,-0.2378,10.69,38.16,2.179,14.93,4.64,77.1,1855978
DON-BLK-071,dongri_buzurg,Dongri Buzurg Mine,21.50869,79.70571,44.8,38.84,6.11,5.77,-0.4407,25.36,29.47,2.369,11.93,4.91,69.5,649276
GUM-BLK-071,gumgaon,Gumgaon Mine,21.37808,79.02281,224.6,39.2,5.42,16.13,-0.2806,24.6,34.16,3.296,8.49,2.9,67.8,833929
MAN-BLK-071,mansar,Mansar Mine,21.41296,79.30791,118.8,39.31,5.44,6.57,-0.0964,31.13,40.32,3.004,13.5,2.8,60.0,665800
UKW-BLK-071,ukwa,Ukwa Mine,22.0007,80.48341,273.3,40.59,4.79,13.63,-0.1448,31.7,37.83,2.886,12.99,4.12,80.7,769485
BAL-BLK-072,balaghat,Balaghat Mine,21.83506,80.12912,409.9,49.45,4.59,7.82,-0.2024,18.93,34.49,2.744,8.77,4.0,64.5,2210379
DON-BLK-072,dongri_buzurg,Dongri Buzurg Mine,21.58925,79.69175,57.6,37.74,4.92,14.36,-0.0636,34.06,28.38,3.088,2.95,2.07,64.0,538372
GUM-BLK-072,gumgaon,Gumgaon Mine,21.3376,78.93946,293.9,40.96,5.22,14.42,-0.1539,27.95,31.69,2.112,13.76,2.79,73.2,842582
MAN-BLK-072,mansar,Mansar Mine,21.39398,79.22069,203.2,35.3,4.76,13.9,-0.2103,30.45,34.23,3.504,12.14,4.87,62.0,742953
UKW-BLK-072,ukwa,Ukwa Mine,21.99725,80.46458,260.4,42.26,6.04,13.75,-0.299,28.45,29.13,2.761,10.13,3.24,72.5,810832
BAL-BLK-073,balaghat,Balaghat Mine,21.76319,80.26271,285.1,49.49,7.03,9.29,-0.1925,27.51,31.55,2.734,14.8,3.22,60.0,2071985
DON-BLK-073,dongri_buzurg,Dongri Buzurg Mine,21.58757,79.72661,43.4,38.49,5.51,8.48,-0.1277,20.77,34.95,2.132,14.88,2.42,77.8,666706
GUM-BLK-073,gumgaon,Gumgaon Mine,21.42337,78.97997,309.9,37.88,6.29,9.05,0.007,24.08,29.32,2.47,11.93,2.8,65.8,732811
MAN-BLK-073,mansar,Mansar Mine,21.39224,79.21012,90.0,43.6,7.16,10.02,-0.1018,25.26,27.57,2.679,13.86,3.27,60.3,788861
UKW-BLK-073,ukwa,Ukwa Mine,22.00756,80.50346,131.3,47.62,4.69,7.17,-0.1602,10.97,31.96,2.806,12.08,5.05,69.1,723211
BAL-BLK-074,balaghat,Balaghat Mine,21.85721,80.17626,325.0,49.12,6.2,8.18,-0.2652,21.93,34.2,3.064,10.93,3.58,60.0,1980195
DON-BLK-074,dongri_buzurg,Dongri Buzurg Mine,21.61168,79.67121,57.3,37.92,5.9,19.96,-0.1695,23.37,29.96,3.382,6.86,4.43,89.3,712348
GUM-BLK-074,gumgaon,Gumgaon Mine,21.44216,78.97611,239.3,37.75,6.74,6.59,-0.2312,26.32,35.77,2.298,1.0,4.13,60.0,506503
MAN-BLK-074,mansar,Mansar Mine,21.32041,79.14391,161.9,43.4,6.08,10.63,-0.3675,23.79,24.72,2.575,10.69,4.25,81.8,845815
UKW-BLK-074,ukwa,Ukwa Mine,21.99164,80.49484,123.3,49.83,5.51,12.86,-0.3353,32.89,30.73,2.51,12.28,4.36,84.8,766532
BAL-BLK-075,balaghat,Balaghat Mine,21.77913,80.25151,304.1,43.04,6.08,15.35,-0.1406,17.67,35.7,2.241,13.39,4.83,76.1,1723922
DON-BLK-075,dongri_buzurg,Dongri Buzurg Mine,21.56405,79.68245,69.8,39.59,7.17,17.15,-0.2615,17.78,34.99,2.27,7.25,1.77,82.0,692788
GUM-BLK-075,gumgaon,Gumgaon Mine,21.38839,79.01252,184.3,38.98,4.93,12.95,-0.1126,31.64,32.57,2.409,6.91,1.77,70.5,670838
MAN-BLK-075,mansar,Mansar Mine,21.42422,79.28029,133.2,38.14,6.58,15.34,-0.1735,20.35,34.67,2.793,10.67,3.6,90.4,723508
UKW-BLK-075,ukwa,Ukwa Mine,22.06223,80.51407,216.1,43.91,7.02,11.04,-0.0826,27.11,32.12,2.549,11.37,0.8,79.8,742434
BAL-BLK-076,balaghat,Balaghat Mine,21.78526,80.24861,296.5,46.55,4.9,8.34,-0.1625,25.75,36.31,2.365,12.65,1.86,66.1,1848151
DON-BLK-076,dongri_buzurg,Dongri Buzurg Mine,21.57475,79.71153,157.5,32.52,6.53,12.45,-0.1185,17.48,28.09,2.578,10.94,3.19,81.4,742881
GUM-BLK-076,gumgaon,Gumgaon Mine,21.37542,78.98141,238.4,40.63,5.46,9.67,-0.0971,16.38,35.01,2.944,11.62,2.31,76.7,803400
MAN-BLK-076,mansar,Mansar Mine,21.35378,79.24709,186.1,37.37,5.87,12.93,-0.0867,24.12,21.56,2.95,9.26,4.94,63.8,686050
UKW-BLK-076,ukwa,Ukwa Mine,21.83963,80.47786,172.6,44.62,5.4,21.64,-0.2444,28.39,29.07,1.754,11.35,3.18,95.0,740016
BAL-BLK-077,balaghat,Balaghat Mine,21.80021,80.19547,220.5,41.2,4.59,10.65,-0.1289,12.3,22.77,2.982,12.19,3.43,60.0,1344466
DON-BLK-077,dongri_buzurg,Dongri Buzurg Mine,21.52568,79.68119,131.1,36.73,5.06,17.0,-0.2107,28.54,23.39,2.887,6.69,3.87,86.0,784712
GUM-BLK-077,gumgaon,Gumgaon Mine,21.44452,78.96782,180.7,39.72,4.72,7.35,-0.1858,25.45,32.38,2.989,12.92,2.24,61.2,778743
MAN-BLK-077,mansar,Mansar Mine,21.35365,79.28071,151.8,40.24,5.31,10.36,-0.2725,32.11,29.06,2.274,10.56,4.32,79.3,737460
UKW-BLK-077,ukwa,Ukwa Mine,22.01335,80.48794,183.9,41.53,6.87,11.0,-0.2566,26.88,20.19,3.801,12.38,3.68,61.1,811162
BAL-BLK-078,balaghat,Balaghat Mine,21.89855,80.21973,212.7,49.16,6.76,10.33,-0.3341,19.88,25.92,2.721,8.4,3.73,79.6,1710006
DON-BLK-078,dongri_buzurg,Dongri Buzurg Mine,21.55988,79.67081,46.5,41.32,5.92,16.4,-0.3373,25.4,29.26,2.194,6.69,4.02,76.2,636125
GUM-BLK-078,gumgaon,Gumgaon Mine,21.43041,79.04255,268.7,43.65,7.03,9.02,-0.1448,27.79,29.87,2.335,16.35,3.77,71.6,954566
MAN-BLK-078,mansar,Mansar Mine,21.36822,79.20843,132.4,38.49,4.83,9.7,-0.3735,17.28,35.02,2.885,8.54,2.28,60.0,654547
UKW-BLK-078,ukwa,Ukwa Mine,21.95177,80.49248,134.3,46.4,5.49,12.94,-0.3172,20.89,37.96,3.091,12.96,1.97,84.4,784746
BAL-BLK-079,balaghat,Balaghat Mine,21.84731,80.16987,334.6,48.99,6.91,13.28,-0.0343,25.83,34.64,3.39,14.74,2.9,81.7,2128761
DON-BLK-079,dongri_buzurg,Dongri Buzurg Mine,21.56354,79.64008,80.5,40.8,4.55,15.84,-0.4477,33.21,37.05,2.437,12.16,3.5,68.6,909396
GUM-BLK-079,gumgaon,Gumgaon Mine,21.43101,78.9468,186.5,45.98,6.26,16.2,-0.3046,15.99,30.26,2.909,13.06,5.0,78.8,957699
MAN-BLK-079,mansar,Mansar Mine,21.43988,79.27027,216.2,34.61,5.67,11.82,-0.0873,22.09,27.37,2.506,9.29,2.71,79.0,672536
UKW-BLK-079,ukwa,Ukwa Mine,21.92912,80.51147,240.9,41.76,6.6,3.0,-0.3116,11.48,25.38,2.039,15.0,3.64,64.6,752934
BAL-BLK-080,balaghat,Balaghat Mine,21.71598,80.13698,246.6,48.98,7.02,13.98,-0.0376,22.67,32.31,2.84,20.57,0.98,83.0,2002084
DON-BLK-080,dongri_buzurg,Dongri Buzurg Mine,21.54941,79.71437,96.0,42.08,5.87,18.24,-0.0955,18.91,30.09,2.457,5.59,3.1,77.6,821172
GUM-BLK-080,gumgaon,Gumgaon Mine,21.34073,79.04474,199.4,41.17,4.7,17.59,-0.099,24.05,30.93,2.683,9.12,0.97,60.0,847505
MAN-BLK-080,mansar,Mansar Mine,21.40731,79.27313,71.7,34.04,5.77,11.26,0.129,16.59,27.36,2.356,12.03,3.52,60.2,495888
UKW-BLK-080,ukwa,Ukwa Mine,22.01687,80.49594,274.2,45.31,6.9,14.51,0.0755,37.11,28.91,3.435,13.26,4.1,60.0,813860
BAL-BLK-081,balaghat,Balaghat Mine,21.79798,80.15239,360.0,46.46,5.39,5.69,-0.0841,22.88,35.28,2.877,13.54,3.17,60.0,1922448
DON-BLK-081,dongri_buzurg,Dongri Buzurg Mine,21.50914,79.72007,45.7,41.25,5.45,10.93,-0.0619,21.99,25.97,2.985,10.07,3.54,60.0,736811
GUM-BLK-081,gumgaon,Gumgaon Mine,21.39088,79.01437,131.1,38.58,4.92,6.31,-0.0983,14.67,32.9,2.66,9.88,4.74,67.6,611456
MAN-BLK-081,mansar,Mansar Mine,21.46022,79.21746,82.7,38.88,5.93,15.35,0.1057,23.9,34.27,2.656,7.72,1.32,74.7,561686
UKW-BLK-081,ukwa,Ukwa Mine,21.91102,80.53486,107.4,40.23,6.35,9.09,-0.2734,24.41,36.63,2.862,11.07,3.59,72.2,623775
BAL-BLK-082,balaghat,Balaghat Mine,21.81287,80.1437,306.8,46.63,4.84,10.32,0.085,23.76,25.68,2.661,14.13,5.51,73.1,1849843
DON-BLK-082,dongri_buzurg,Dongri Buzurg Mine,21.4907,79.72437,89.3,40.29,4.57,8.72,-0.099,19.9,30.77,2.631,10.8,3.62,70.6,786317
GUM-BLK-082,gumgaon,Gumgaon Mine,21.42545,79.01851,216.6,41.07,5.13,13.68,-0.0989,19.85,29.03,2.389,12.23,4.74,81.3,775217
MAN-BLK-082,mansar,Mansar Mine,21.43742,79.26214,226.7,40.73,6.9,7.88,0.0887,18.89,34.33,2.405,7.9,3.49,72.8,758129
UKW-BLK-082,ukwa,Ukwa Mine,22.08343,80.45933,160.1,40.64,5.91,11.68,-0.1819,28.77,36.38,2.415,10.02,2.58,61.5,585873
BAL-BLK-083,balaghat,Balaghat Mine,21.8172,80.13396,217.2,50.33,6.01,8.5,-0.3982,12.88,31.44,2.778,14.52,2.96,77.9,1869778
DON-BLK-083,dongri_buzurg,Dongri Buzurg Mine,21.5687,79.73332,145.8,35.73,7.04,10.71,-0.1287,18.49,39.79,2.29,8.63,4.17,69.4,726806
GUM-BLK-083,gumgaon,Gumgaon Mine,21.31784,78.98565,193.0,41.02,5.24,14.17,-0.2258,20.94,32.67,2.994,17.75,4.49,71.5,943180
MAN-BLK-083,mansar,Mansar Mine,21.38086,79.21617,83.2,38.67,5.95,11.39,-0.1241,26.16,34.27,2.747,8.27,2.88,60.0,545905
UKW-BLK-083,ukwa,Ukwa Mine,22.03809,80.46724,120.4,42.66,5.96,3.09,-0.2474,26.5,34.7,3.1,16.6,4.11,60.0,659118
BAL-BLK-084,balaghat,Balaghat Mine,21.79452,80.19721,333.4,52.0,5.41,12.63,-0.1515,23.39,28.21,3.131,16.41,4.67,90.6,2361542
DON-BLK-084,dongri_buzurg,Dongri Buzurg Mine,21.53001,79.62935,147.8,42.07,6.82,14.31,-0.3083,20.77,29.9,1.994,8.52,2.14,79.3,921509
GUM-BLK-084,gumgaon,Gumgaon Mine,21.36215,78.93772,185.9,45.46,6.52,12.95,-0.1627,31.15,28.32,3.198,10.52,1.9,72.2,879778
MAN-BLK-084,mansar,Mansar Mine,21.45273,79.36072,178.0,39.94,5.34,10.68,-0.3561,16.42,28.51,2.668,8.31,4.29,60.3,807468
UKW-BLK-084,ukwa,Ukwa Mine,21.99068,80.53145,219.1,44.96,5.46,9.88,-0.1005,33.44,34.06,2.026,9.23,5.09,76.8,687734
BAL-BLK-085,balaghat,Balaghat Mine,21.80798,80.21525,338.8,48.64,6.72,8.57,-0.2627,30.49,31.42,2.365,11.0,2.33,73.8,2028228
DON-BLK-085,dongri_buzurg,Dongri Buzurg Mine,21.60335,79.6595,80.5,41.73,4.74,6.71,-0.2168,22.84,34.43,2.757,7.26,4.8,68.7,738814
GUM-BLK-085,gumgaon,Gumgaon Mine,21.39964,79.00243,249.0,35.29,6.01,9.56,-0.2164,22.47,33.15,3.108,6.29,2.9,67.0,628623
MAN-BLK-085,mansar,Mansar Mine,21.36904,79.24331,80.3,40.66,6.85,8.31,-0.1326,13.79,29.47,2.494,15.5,3.17,60.0,606426
UKW-BLK-085,ukwa,Ukwa Mine,21.88674,80.46806,231.3,44.94,5.99,13.24,-0.2744,29.37,24.66,2.292,6.56,3.17,83.2,718802
BAL-BLK-086,balaghat,Balaghat Mine,21.80936,80.18738,193.7,43.9,4.8,11.33,-0.3831,32.18,30.63,2.465,16.38,2.01,66.0,1486961
DON-BLK-086,dongri_buzurg,Dongri Buzurg Mine,21.51015,79.68899,68.3,40.76,5.9,18.49,-0.1115,20.66,29.36,2.365,7.79,5.52,77.7,760484
GUM-BLK-086,gumgaon,Gumgaon Mine,21.39263,79.05684,150.3,35.56,7.11,7.34,-0.4147,19.8,32.73,2.62,9.15,1.81,60.0,646721
MAN-BLK-086,mansar,Mansar Mine,21.41069,79.28652,72.9,38.67,5.32,9.16,-0.3146,21.62,34.4,2.657,7.23,3.51,60.0,509478
UKW-BLK-086,ukwa,Ukwa Mine,22.01271,80.45849,134.7,46.93,5.02,9.33,-0.1165,19.74,34.9,2.554,6.75,2.82,60.0,570658
BAL-BLK-087,balaghat,Balaghat Mine,21.80616,80.13728,290.5,46.02,6.92,3.58,-0.3087,13.36,28.91,2.436,12.68,3.09,60.0,1798826
DON-BLK-087,dongri_buzurg,Dongri Buzurg Mine,21.52948,79.68942,89.9,44.52,7.14,9.89,-0.2831,18.9,29.57,3.034,11.16,1.88,60.0,981144
GUM-BLK-087,gumgaon,Gumgaon Mine,21.4045,78.94652,237.0,39.52,6.25,10.31,-0.06,32.4,29.17,2.502,6.97,3.26,78.4,680293
MAN-BLK-087,mansar,Mansar Mine,21.42749,79.30081,149.6,36.41,5.34,13.03,-0.1285,22.04,32.56,3.267,10.14,3.05,76.6,688695
UKW-BLK-087,ukwa,Ukwa Mine,21.95991,80.53217,180.4,45.54,6.33,4.54,-0.2033,24.22,21.27,3.042,12.59,4.01,60.0,713462
BAL-BLK-088,balaghat,Balaghat Mine,21.78942,80.16846,338.5,49.36,5.77,13.51,-0.3892,23.23,29.07,1.771,18.32,4.34,83.3,2237005
DON-BLK-088,dongri_buzurg,Dongri Buzurg Mine,21.56062,79.63642,152.2,42.03,5.32,13.01,-0.3183,8.81,30.98,2.597,11.37,4.37,74.8,1033086
GUM-BLK-088,gumgaon,Gumgaon Mine,21.40205,79.05062,127.4,35.55,5.0,13.77,-0.0781,16.56,25.24,2.238,6.71,4.4,72.9,507423
MAN-BLK-088,mansar,Mansar Mine,21.36685,79.23273,150.8,37.43,4.71,13.9,-0.0095,19.5,37.92,2.694,8.87,6.5,66.0,629331
UKW-BLK-088,ukwa,Ukwa Mine,21.95255,80.4174,205.4,46.47,6.08,16.28,-0.2425,21.81,24.48,3.636,13.92,2.91,68.9,955436
BAL-BLK-089,balaghat,Balaghat Mine,21.76589,80.20116,403.8,50.56,4.55,9.41,-0.251,15.29,32.34,3.246,13.86,4.43,62.1,2368921
DON-BLK-089,dongri_buzurg,Dongri Buzurg Mine,21.55295,79.66672,148.0,43.29,6.96,12.11,-0.1169,30.53,35.11,2.8,8.41,3.5,72.9,941112
GUM-BLK-089,gumgaon,Gumgaon Mine,21.37794,78.98782,189.4,45.33,4.7,8.21,-0.3738,24.09,40.55,3.165,17.05,3.97,60.1,996984
MAN-BLK-089,mansar,Mansar Mine,21.37214,79.23143,176.7,30.83,4.55,16.15,0.0599,20.68,30.86,2.172,8.19,4.85,60.0,501437
UKW-BLK-089,ukwa,Ukwa Mine,21.98308,80.45563,101.6,39.76,4.68,14.4,-0.2042,29.82,33.88,2.729,6.35,3.05,68.0,578652
BAL-BLK-090,balaghat,Balaghat Mine,21.80631,80.21128,397.8,51.45,4.83,15.64,-0.2375,20.93,20.51,2.71,13.28,3.97,90.7,2455680
DON-BLK-090,dongri_buzurg,Dongri Buzurg Mine,21.54118,79.62052,120.6,41.06,6.49,7.62,-0.147,29.71,28.35,2.813,8.4,4.54,72.4,833507
GUM-BLK-090,gumgaon,Gumgaon Mine,21.40364,78.9715,204.2,41.78,6.17,10.81,-0.1629,28.72,29.48,1.382,14.95,4.41,60.0,712020
MAN-BLK-090,mansar,Mansar Mine,21.3768,79.31993,173.3,41.5,4.64,15.54,-0.2047,30.77,28.06,2.291,13.81,3.45,66.5,919665
UKW-BLK-090,ukwa,Ukwa Mine,21.93984,80.46451,278.5,41.22,6.58,12.03,-0.3647,21.07,25.54,2.962,12.83,1.42,60.2,877053
BAL-BLK-091,balaghat,Balaghat Mine,21.9047,80.18674,314.4,50.1,4.98,3.0,-0.219,32.07,33.62,2.544,10.93,3.09,60.0,1992559
DON-BLK-091,dongri_buzurg,Dongri Buzurg Mine,21.55591,79.66913,86.0,37.02,6.65,7.56,-0.1823,24.41,24.14,2.743,6.06,5.55,63.0,660695
GUM-BLK-091,gumgaon,Gumgaon Mine,21.3757,78.97299,290.1,39.35,5.69,11.91,-0.1691,20.38,30.46,1.686,12.94,3.86,71.3,769766
MAN-BLK-091,mansar,Mansar Mine,21.47705,79.26068,111.2,35.6,4.63,15.0,-0.1058,26.37,30.08,2.777,7.92,4.17,60.0,531836
UKW-BLK-091,ukwa,Ukwa Mine,21.94935,80.53559,146.1,45.39,4.5,8.38,-0.2661,16.71,22.06,2.601,12.54,3.44,77.2,709798
BAL-BLK-092,balaghat,Balaghat Mine,21.80652,80.22581,252.3,45.97,4.76,14.03,-0.0464,20.23,32.45,2.865,9.36,3.52,60.0,1608154
DON-BLK-092,dongri_buzurg,Dongri Buzurg Mine,21.48324,79.70637,153.8,42.57,4.71,14.64,-0.1976,18.14,31.8,2.113,15.32,1.87,89.7,1048902
GUM-BLK-092,gumgaon,Gumgaon Mine,21.35001,79.02562,127.7,38.87,6.97,10.18,-0.0708,24.18,34.32,2.177,5.64,3.63,71.5,520912
MAN-BLK-092,mansar,Mansar Mine,21.42616,79.254,104.3,34.14,6.4,21.92,-0.0611,18.98,33.39,1.969,9.55,3.07,96.5,607366
UKW-BLK-092,ukwa,Ukwa Mine,21.99462,80.4174,109.0,41.88,5.22,13.6,0.0605,23.17,34.66,2.61,16.74,1.4,91.0,693437
BAL-BLK-093,balaghat,Balaghat Mine,21.73978,80.08464,349.6,46.02,4.61,13.55,0.1557,22.45,34.3,2.421,13.24,3.21,81.8,1916146
DON-BLK-093,dongri_buzurg,Dongri Buzurg Mine,21.62676,79.73879,97.6,41.58,5.51,21.46,-0.2172,30.62,38.49,2.753,8.28,0.8,86.6,902368
GUM-BLK-093,gumgaon,Gumgaon Mine,21.35911,79.00985,201.9,44.94,5.38,14.09,-0.2812,13.95,31.51,2.715,12.46,5.13,85.6,882750
MAN-BLK-093,mansar,Mansar Mine,21.39632,79.21307,71.8,40.8,6.36,5.33,-0.0115,16.63,29.34,2.805,6.94,1.71,60.0,445474
UKW-BLK-093,ukwa,Ukwa Mine,21.99554,80.44489,187.3,38.57,4.99,13.45,-0.1422,21.18,34.76,2.174,5.6,1.34,60.0,466284
BAL-BLK-094,balaghat,Balaghat Mine,21.78408,80.17286,339.3,44.73,6.3,10.83,-0.4237,20.6,29.3,2.401,9.81,2.72,74.6,1808754
DON-BLK-094,dongri_buzurg,Dongri Buzurg Mine,21.52858,79.70003,56.1,37.39,6.41,16.3,-0.3585,26.28,28.32,2.743,2.13,5.17,72.6,620556
GUM-BLK-094,gumgaon,Gumgaon Mine,21.33168,78.94365,162.8,44.48,5.19,4.07,-0.249,22.63,35.22,2.064,7.26,4.04,60.0,706997
MAN-BLK-094,mansar,Mansar Mine,21.33825,79.30046,207.2,31.51,5.84,13.1,-0.1473,30.36,27.98,2.345,6.75,0.8,60.0,658753
UKW-BLK-094,ukwa,Ukwa Mine,21.93064,80.48693,207.9,43.56,6.68,11.18,-0.3086,28.79,23.57,2.971,8.2,5.0,78.5,730688
BAL-BLK-095,balaghat,Balaghat Mine,21.83056,80.18818,279.6,49.29,7.01,6.35,-0.094,26.42,27.65,2.399,13.81,0.8,60.0,1995395
DON-BLK-095,dongri_buzurg,Dongri Buzurg Mine,21.57167,79.74078,110.2,36.77,5.98,7.38,-0.0681,24.01,25.05,2.812,11.62,2.78,60.0,798595
GUM-BLK-095,gumgaon,Gumgaon Mine,21.32503,78.94301,156.5,40.18,7.17,9.73,-0.267,28.86,34.39,3.022,9.94,4.22,71.6,690868
MAN-BLK-095,mansar,Mansar Mine,21.48325,79.2247,94.0,44.39,5.87,16.79,-0.1913,29.11,37.51,2.844,10.01,4.67,93.2,762833
UKW-BLK-095,ukwa,Ukwa Mine,21.99413,80.38055,126.7,44.62,6.43,7.79,-0.1789,26.92,27.51,3.425,17.84,3.97,60.0,845953
BAL-BLK-096,balaghat,Balaghat Mine,21.78203,80.15302,226.1,46.61,6.77,13.88,-0.1829,18.01,34.33,3.11,13.08,4.88,66.1,1663995
DON-BLK-096,dongri_buzurg,Dongri Buzurg Mine,21.57272,79.64489,80.4,39.34,4.98,8.41,-0.2017,29.02,30.55,1.911,13.44,2.5,79.7,748909
GUM-BLK-096,gumgaon,Gumgaon Mine,21.40956,79.01078,149.9,42.86,6.36,19.62,-0.1739,23.12,36.34,2.784,12.45,6.49,94.8,804952
MAN-BLK-096,mansar,Mansar Mine,21.38839,79.26186,118.8,36.95,4.56,12.54,-0.3976,20.48,24.65,2.402,10.69,2.43,60.0,630606
UKW-BLK-096,ukwa,Ukwa Mine,21.96947,80.5012,113.0,39.05,4.9,14.87,-0.0762,29.72,37.48,3.612,8.85,3.63,80.5,590445
BAL-BLK-097,balaghat,Balaghat Mine,21.80488,80.24621,265.8,48.91,6.37,7.3,-0.2771,29.13,33.54,3.427,13.59,4.73,60.0,2045913
DON-BLK-097,dongri_buzurg,Dongri Buzurg Mine,21.57792,79.69367,113.8,43.22,5.8,12.63,-0.2321,18.99,36.94,3.067,9.89,4.19,60.0,875966
GUM-BLK-097,gumgaon,Gumgaon Mine,21.3991,79.02091,198.7,36.8,5.25,16.56,-0.3212,32.02,38.97,2.735,12.79,3.66,93.1,771340
MAN-BLK-097,mansar,Mansar Mine,21.38778,79.24478,73.0,34.17,7.08,12.92,-0.1498,28.47,32.42,2.482,5.59,3.59,68.0,517905
UKW-BLK-097,ukwa,Ukwa Mine,21.92097,80.4702,100.1,45.78,5.06,12.8,-0.2852,25.38,26.9,2.868,9.59,4.78,60.0,752746
BAL-BLK-098,balaghat,Balaghat Mine,21.77037,80.20627,252.6,44.47,6.29,13.68,-0.3115,22.76,27.36,3.063,9.3,4.16,80.2,1620040
DON-BLK-098,dongri_buzurg,Dongri Buzurg Mine,21.54942,79.69761,113.7,40.63,6.43,9.3,-0.0432,32.99,28.33,1.987,11.38,2.84,60.0,882939
GUM-BLK-098,gumgaon,Gumgaon Mine,21.39309,78.97071,183.5,36.59,4.57,15.81,-0.2281,24.26,36.3,2.37,8.92,3.48,76.9,695545
MAN-BLK-098,mansar,Mansar Mine,21.42473,79.2484,64.4,42.22,5.09,19.73,0.0338,18.7,28.52,2.271,13.2,4.04,96.5,682020
UKW-BLK-098,ukwa,Ukwa Mine,21.92998,80.4704,145.6,39.42,7.04,12.5,-0.0719,16.49,25.1,3.336,8.21,4.86,81.0,598950
BAL-BLK-099,balaghat,Balaghat Mine,21.79832,80.20244,314.6,42.74,6.87,10.62,-0.2153,16.74,39.16,3.064,14.1,3.13,60.0,1653252
DON-BLK-099,dongri_buzurg,Dongri Buzurg Mine,21.63212,79.68926,138.5,39.1,6.16,11.92,-0.0212,30.5,27.16,2.318,12.81,0.8,83.7,865288
GUM-BLK-099,gumgaon,Gumgaon Mine,21.33447,78.98374,145.9,35.67,7.13,15.58,-0.2203,17.42,42.31,3.416,5.25,5.4,79.3,593649
MAN-BLK-099,mansar,Mansar Mine,21.40627,79.25467,158.9,36.65,6.9,10.33,-0.3165,18.64,24.61,2.594,5.49,3.18,60.0,689224
UKW-BLK-099,ukwa,Ukwa Mine,22.01467,80.46541,227.1,39.04,6.89,11.77,-0.3454,26.36,35.73,2.336,10.79,3.06,81.1,685705
BAL-BLK-100,balaghat,Balaghat Mine,21.70529,80.17603,309.0,49.21,4.63,9.35,-0.192,22.7,27.77,3.356,16.26,2.77,74.9,2133537
DON-BLK-100,dongri_buzurg,Dongri Buzurg Mine,21.5755,79.71739,111.6,37.77,4.83,9.06,0.1499,25.81,30.26,1.611,13.64,1.89,62.1,714098
GUM-BLK-100,gumgaon,Gumgaon Mine,21.37845,79.05946,297.1,41.97,5.25,9.9,-0.175,24.44,36.36,3.095,12.42,3.07,67.9,931192
MAN-BLK-100,mansar,Mansar Mine,21.39742,79.21392,167.7,38.28,6.92,10.4,-0.3148,24.34,32.51,2.694,12.41,4.72,71.8,756087
UKW-BLK-100,ukwa,Ukwa Mine,21.94205,80.42509,179.0,45.76,6.61,11.15,-0.0385,27.03,33.96,2.174,14.3,2.39,63.8,703665
